Timestamp,Voltage,Current,Power,Energy
14:10:00,13.81,3.48,48.09,0.013
14:10:01,13.80,3.56,49.17,0.027
14:10:02,13.81,3.53,48.77,0.041
14:10:03,13.82,3.57,49.35,0.054
14:10:04,13.82,3.52,48.68,0.068
14:10:05,13.80,3.54,48.79,0.081
14:10:06,13.81,3.58,49.38,0.095
14:10:07,13.84,3.60,49.83,0.109
14:10:08,13.80,3.56,49.20,0.123
14:10:09,13.83,3.58,49.49,0.136
14:10:10,13.79,3.54,48.77,0.150
14:10:11,13.86,3.55,49.22,0.164
14:10:12,13.81,3.56,49.21,0.177
14:10:13,13.87,3.60,49.91,0.191
14:10:14,13.85,3.57,49.47,0.205
14:10:15,13.84,3.56,49.30,0.219
14:10:16,13.81,3.64,50.25,0.232
14:10:17,13.81,3.59,49.56,0.246
14:10:18,13.83,3.59,49.61,0.260
14:10:19,13.88,3.70,51.33,0.274
14:10:20,13.83,3.61,49.91,0.288
14:10:21,13.87,3.64,50.51,0.302
14:10:22,13.89,3.64,50.52,0.316
14:10:23,13.85,3.62,50.15,0.330
14:10:24,13.86,3.74,51.90,0.345
14:10:25,13.85,3.72,51.47,0.359
14:10:26,13.87,3.69,51.12,0.373
14:10:27,13.89,3.66,50.91,0.387
14:10:28,13.86,3.73,51.71,0.402
14:10:29,13.89,3.66,50.87,0.416
14:10:30,13.90,3.74,52.02,0.430
14:10:31,13.90,3.71,51.51,0.444
14:10:32,13.87,3.77,52.25,0.459
14:10:33,13.87,3.76,52.22,0.473
14:10:34,13.91,3.70,51.49,0.488
14:10:35,13.88,3.79,52.59,0.502
14:10:36,13.87,3.77,52.35,0.517
14:10:37,13.91,3.78,52.57,0.532
14:10:38,13.90,3.78,52.60,0.546
14:10:39,13.92,3.82,53.11,0.561
14:10:40,13.93,3.74,52.06,0.575
14:10:41,13.88,3.83,53.12,0.590
14:10:42,13.88,3.78,52.52,0.605
14:10:43,13.92,3.75,52.17,0.619
14:10:44,13.91,3.85,53.58,0.634
14:10:45,13.94,3.76,52.45,0.649
14:10:46,13.93,3.83,53.35,0.663
14:10:47,13.92,3.85,53.55,0.678
14:10:48,13.91,3.88,53.99,0.693
14:10:49,13.91,3.88,53.97,0.708
14:10:50,13.95,3.79,52.90,0.723
14:10:51,13.90,3.79,52.68,0.738
14:10:52,13.96,3.87,54.09,0.753
14:10:53,13.95,3.86,53.83,0.768
14:10:54,13.90,3.80,52.75,0.782
14:10:55,13.96,3.80,53.07,0.797
14:10:56,13.97,3.86,53.84,0.812
14:10:57,13.94,3.90,54.30,0.827
14:10:58,13.96,3.86,53.85,0.842
14:10:59,13.98,3.84,53.62,0.857
14:11:00,13.93,3.90,54.36,0.872
14:11:01,13.96,3.83,53.40,0.887
14:11:02,13.99,3.85,53.82,0.902
14:11:03,13.97,3.84,53.67,0.917
14:11:04,13.95,3.83,53.38,0.932
14:11:05,13.98,3.93,55.01,0.947
14:11:06,14.00,3.88,54.31,0.962
14:11:07,13.93,3.86,53.77,0.977
14:11:08,13.95,3.90,54.43,0.992
14:11:09,13.98,3.92,54.76,1.007
14:11:10,13.95,3.94,55.03,1.022
14:11:11,14.00,3.85,53.93,1.037
14:11:12,13.97,3.88,54.29,1.053
14:11:13,14.01,3.90,54.70,1.068
14:11:14,13.99,3.84,53.72,1.083
14:11:15,13.94,3.85,53.64,1.098
14:11:16,14.02,3.85,53.93,1.113
14:11:17,13.96,3.95,55.16,1.128
14:11:18,13.97,3.94,55.00,1.143
14:11:19,13.97,3.91,54.67,1.158
14:11:20,13.95,3.85,53.64,1.173
14:11:21,13.99,3.92,54.82,1.188
14:11:22,13.98,3.93,54.95,1.204
14:11:23,14.02,3.93,55.07,1.219
14:11:24,13.95,3.93,54.88,1.234
14:11:25,14.02,3.86,54.15,1.249
14:11:26,14.00,3.94,55.17,1.265
14:11:27,13.95,3.86,53.83,1.280
14:11:28,14.01,3.95,55.29,1.295
14:11:29,13.99,3.87,54.11,1.310
14:11:30,13.99,3.89,54.40,1.325
14:11:31,13.98,3.88,54.27,1.340
14:11:32,13.97,3.85,53.74,1.355
14:11:33,14.02,3.88,54.43,1.370
14:11:34,14.01,3.83,53.66,1.385
14:11:35,13.96,3.90,54.39,1.400
14:11:36,13.96,3.87,54.05,1.415
14:11:37,14.03,3.82,53.64,1.430
14:11:38,14.00,3.82,53.44,1.445
14:11:39,13.99,3.86,54.05,1.460
14:11:40,13.97,3.86,53.93,1.475
14:11:41,14.00,3.81,53.34,1.490
14:11:42,14.03,3.83,53.68,1.505
14:11:43,14.01,3.86,54.11,1.520
14:11:44,13.99,3.91,54.68,1.535
14:11:45,14.01,3.90,54.69,1.550
14:11:46,13.98,3.81,53.26,1.565
14:11:47,13.98,3.79,52.97,1.580
14:11:48,14.02,3.78,52.95,1.594
14:11:49,13.99,3.79,53.07,1.609
14:11:50,14.04,3.79,53.21,1.624
14:11:51,13.97,3.81,53.18,1.639
14:11:52,13.96,3.79,52.97,1.653
14:11:53,14.00,3.81,53.38,1.668
14:11:54,14.02,3.82,53.54,1.683
14:11:55,14.02,3.79,53.14,1.698
14:11:56,13.99,3.83,53.57,1.713
14:11:57,14.01,3.74,52.36,1.727
14:11:58,14.03,3.75,52.55,1.742
14:11:59,13.98,3.79,52.90,1.756
14:12:00,14.02,3.75,52.49,1.771
14:12:01,13.99,3.82,53.41,1.786
14:12:02,14.02,3.75,52.61,1.801
14:12:03,13.98,3.75,52.44,1.815
14:12:04,13.96,3.81,53.12,1.830
14:12:05,14.03,3.72,52.24,1.844
14:12:06,14.03,3.75,52.60,1.859
14:12:07,14.01,3.76,52.63,1.874
14:12:08,14.03,3.69,51.73,1.888
14:12:09,13.96,3.74,52.21,1.902
14:12:10,13.96,3.70,51.69,1.917
14:12:11,14.00,3.72,52.11,1.931
14:12:12,13.98,3.63,50.79,1.945
14:12:13,13.95,3.73,52.07,1.960
14:12:14,14.03,3.63,50.97,1.974
14:12:15,14.02,3.61,50.63,1.988
14:12:16,14.00,3.65,51.04,2.002
14:12:17,13.98,3.61,50.53,2.016
14:12:18,14.01,3.66,51.21,2.031
14:12:19,13.96,3.64,50.76,2.045
14:12:20,14.00,3.61,50.57,2.059
14:12:21,14.02,3.59,50.35,2.073
14:12:22,13.95,3.65,50.90,2.087
14:12:23,14.01,3.63,50.81,2.101
14:12:24,13.97,3.61,50.41,2.115
14:12:25,13.97,3.64,50.82,2.129
14:12:26,13.99,3.58,50.10,2.143
14:12:27,14.00,3.59,50.23,2.157
14:12:28,13.98,3.59,50.11,2.171
14:12:29,13.98,3.58,50.10,2.185
14:12:30,14.00,3.50,49.00,2.198
14:12:31,13.97,3.56,49.78,2.212
14:12:32,13.98,3.55,49.62,2.226
14:12:33,13.93,3.50,48.74,2.239
14:12:34,13.95,3.57,49.78,2.253
14:12:35,13.99,3.53,49.45,2.267
14:12:36,13.95,3.51,48.90,2.281
14:12:37,13.96,3.45,48.18,2.294
14:12:38,13.92,3.50,48.65,2.308
14:12:39,13.93,3.43,47.77,2.321
14:12:40,13.93,3.42,47.66,2.334
14:12:41,13.97,3.43,47.90,2.347
14:12:42,13.97,3.43,47.90,2.361
14:12:43,13.96,3.51,48.96,2.374
14:12:44,13.91,3.42,47.64,2.387
14:12:45,13.96,3.39,47.28,2.401
14:12:46,13.94,3.45,48.07,2.414
14:12:47,13.92,3.38,47.07,2.427
14:12:48,13.94,3.38,47.19,2.440
14:12:49,13.95,3.46,48.28,2.454
14:12:50,13.96,3.35,46.81,2.467
14:12:51,13.93,3.33,46.42,2.479
14:12:52,13.93,3.37,47.01,2.493
14:12:53,13.91,3.32,46.20,2.505
14:12:54,13.96,3.33,46.52,2.518
14:12:55,13.96,3.37,47.05,2.531
14:12:56,13.94,3.35,46.78,2.544
14:12:57,13.93,3.38,47.11,2.557
14:12:58,13.95,3.29,45.97,2.570
14:12:59,13.92,3.33,46.32,2.583
14:13:00,13.90,3.28,45.52,2.596
14:13:01,13.89,3.26,45.31,2.608
14:13:02,13.87,3.36,46.57,2.621
14:13:03,13.89,3.26,45.26,2.634
14:13:04,13.93,3.30,45.90,2.647
14:13:05,13.91,3.23,44.97,2.659
14:13:06,13.89,3.31,46.02,2.672
14:13:07,13.88,3.23,44.89,2.684
14:13:08,13.90,3.23,44.89,2.697
14:13:09,13.90,3.24,44.97,2.709
14:13:10,13.88,3.24,45.01,2.722
14:13:11,13.90,3.24,44.97,2.734
14:13:12,13.85,3.30,45.67,2.747
14:13:13,13.86,3.28,45.53,2.760
14:13:14,13.84,3.25,45.02,2.772
14:13:15,13.86,3.22,44.59,2.784
14:13:16,13.84,3.26,45.07,2.797
14:13:17,13.83,3.23,44.70,2.809
14:13:18,13.88,3.20,44.46,2.822
14:13:19,13.83,3.18,43.98,2.834
14:13:20,13.86,3.22,44.65,2.846
14:13:21,13.89,3.14,43.58,2.858
14:13:22,13.81,3.24,44.81,2.871
14:13:23,13.88,3.24,44.95,2.883
14:13:24,13.87,3.17,43.90,2.896
14:13:25,13.81,3.21,44.36,2.908
14:13:26,13.83,3.19,44.08,2.920
14:13:27,13.87,3.19,44.21,2.932
14:13:28,13.86,3.12,43.21,2.944
14:13:29,13.84,3.17,43.89,2.957
14:13:30,13.79,3.17,43.74,2.969
14:13:31,13.86,3.13,43.37,2.981
14:13:32,13.83,3.11,43.01,2.993
14:13:33,13.84,3.18,44.04,3.005
14:13:34,13.84,3.10,42.96,3.017
14:13:35,13.82,3.12,43.14,3.029
14:13:36,13.78,3.16,43.60,3.041
14:13:37,13.84,3.13,43.30,3.053
14:13:38,13.83,3.10,42.87,3.065
14:13:39,13.77,3.13,43.06,3.077
14:13:40,13.79,3.13,43.13,3.089
14:13:41,13.83,3.15,43.60,3.101
14:13:42,13.76,3.16,43.55,3.113
14:13:43,13.79,3.11,42.84,3.125
14:13:44,13.83,3.14,43.37,3.137
14:13:45,13.81,3.14,43.30,3.149
14:13:46,13.75,3.05,41.94,3.161
14:13:47,13.81,3.14,43.37,3.173
14:13:48,13.74,3.14,43.18,3.185
14:13:49,13.75,3.14,43.21,3.197
14:13:50,13.78,3.14,43.25,3.209
14:13:51,13.75,3.15,43.30,3.221
14:13:52,13.78,3.08,42.36,3.233
14:13:53,13.75,3.08,42.38,3.244
14:13:54,13.78,3.05,42.01,3.256
14:13:55,13.77,3.07,42.29,3.268
14:13:56,13.79,3.08,42.43,3.280
14:13:57,13.77,3.11,42.77,3.291
14:13:58,13.74,3.16,43.35,3.304
14:13:59,13.76,3.12,42.93,3.315
14:14:00,13.76,3.12,42.87,3.327
14:14:01,13.72,3.14,43.03,3.339
14:14:02,13.75,3.13,43.03,3.351
14:14:03,13.77,3.12,42.98,3.363
14:14:04,13.74,3.12,42.87,3.375
14:14:05,13.70,3.15,43.22,3.387
14:14:06,13.73,3.12,42.79,3.399
14:14:07,13.71,3.09,42.35,3.411
14:14:08,13.70,3.14,43.00,3.423
14:14:09,13.70,3.11,42.63,3.435
14:14:10,13.72,3.12,42.83,3.446
14:14:11,13.73,3.12,42.89,3.458
14:14:12,13.68,3.10,42.44,3.470
14:14:13,13.73,3.09,42.43,3.482
14:14:14,13.71,3.11,42.59,3.494
14:14:15,13.68,3.10,42.39,3.506
14:14:16,13.68,3.08,42.12,3.517
14:14:17,13.72,3.10,42.58,3.529
14:14:18,13.68,3.12,42.69,3.541
14:14:19,13.66,3.18,43.43,3.553
14:14:20,13.69,3.19,43.64,3.565
14:14:21,13.73,3.20,43.95,3.577
14:14:22,13.70,3.18,43.63,3.589
14:14:23,13.68,3.12,42.71,3.601
14:14:24,13.72,3.18,43.59,3.613
14:14:25,13.69,3.22,44.11,3.626
14:14:26,13.65,3.16,43.21,3.638
14:14:27,13.64,3.12,42.52,3.649
14:14:28,13.66,3.16,43.14,3.661
14:14:29,13.69,3.21,44.01,3.674
14:14:30,13.64,3.22,43.86,3.686
14:14:31,13.70,3.21,43.94,3.698
14:14:32,13.69,3.25,44.48,3.710
14:14:33,13.66,3.16,43.16,3.722
14:14:34,13.66,3.21,43.90,3.735
14:14:35,13.70,3.21,43.97,3.747
14:14:36,13.64,3.22,43.93,3.759
14:14:37,13.63,3.24,44.17,3.771
14:14:38,13.63,3.23,44.07,3.784
14:14:39,13.65,3.24,44.20,3.796
14:14:40,13.67,3.27,44.65,3.808
14:14:41,13.63,3.21,43.77,3.820
14:14:42,13.68,3.21,43.96,3.833
14:14:43,13.65,3.29,44.94,3.845
14:14:44,13.66,3.28,44.74,3.858
14:14:45,13.64,3.34,45.52,3.870
14:14:46,13.61,3.28,44.69,3.883
14:14:47,13.60,3.26,44.34,3.895
14:14:48,13.64,3.25,44.32,3.907
14:14:49,13.62,3.36,45.77,3.920
14:14:50,13.64,3.34,45.56,3.933
14:14:51,13.62,3.38,46.05,3.945
14:14:52,13.65,3.34,45.62,3.958
14:14:53,13.59,3.37,45.74,3.971
14:14:54,13.61,3.35,45.59,3.983
14:14:55,13.64,3.38,46.08,3.996
14:14:56,13.61,3.30,44.93,4.009
14:14:57,13.64,3.35,45.74,4.021
14:14:58,13.60,3.33,45.32,4.034
14:14:59,13.61,3.42,46.59,4.047
14:15:00,13.61,3.44,46.80,4.060
14:15:01,13.64,3.38,46.04,4.073
14:15:02,13.61,3.41,46.39,4.086
14:15:03,13.64,3.35,45.74,4.098
14:15:04,13.62,3.44,46.89,4.111
14:15:05,13.64,3.44,46.86,4.124
14:15:06,13.58,3.48,47.27,4.137
14:15:07,13.61,3.43,46.70,4.150
14:15:08,13.61,3.44,46.86,4.163
14:15:09,13.65,3.44,46.99,4.177
14:15:10,13.64,3.48,47.39,4.190
14:15:11,13.57,3.50,47.50,4.203
14:15:12,13.64,3.48,47.48,4.216
14:15:13,13.59,3.50,47.59,4.229
14:15:14,13.57,3.53,47.84,4.243
14:15:15,13.60,3.55,48.31,4.256
14:15:16,13.62,3.47,47.31,4.269
14:15:17,13.62,3.58,48.74,4.283
14:15:18,13.60,3.54,48.20,4.296
14:15:19,13.64,3.55,48.39,4.310
14:15:20,13.58,3.58,48.56,4.323
14:15:21,13.60,3.53,47.96,4.336
14:15:22,13.60,3.51,47.76,4.350
14:15:23,13.64,3.60,49.06,4.363
14:15:24,13.61,3.54,48.20,4.377
14:15:25,13.58,3.64,49.50,4.390
14:15:26,13.56,3.60,48.80,4.404
14:15:27,13.61,3.62,49.30,4.418
14:15:28,13.62,3.61,49.19,4.431
14:15:29,13.56,3.58,48.63,4.445
14:15:30,13.59,3.65,49.65,4.459
14:15:31,13.56,3.61,49.01,4.472
14:15:32,13.57,3.59,48.68,4.486
14:15:33,13.63,3.65,49.72,4.500
14:15:34,13.58,3.61,49.04,4.513
14:15:35,13.60,3.67,49.93,4.527
14:15:36,13.63,3.63,49.51,4.541
14:15:37,13.61,3.62,49.25,4.554
14:15:38,13.61,3.67,49.95,4.568
14:15:39,13.60,3.64,49.43,4.582
14:15:40,13.56,3.67,49.74,4.596
14:15:41,13.62,3.74,50.97,4.610
14:15:42,13.62,3.69,50.31,4.624
14:15:43,13.63,3.70,50.46,4.638
14:15:44,13.63,3.70,50.51,4.652
14:15:45,13.62,3.69,50.26,4.666
14:15:46,13.62,3.70,50.46,4.680
14:15:47,13.64,3.72,50.75,4.694
14:15:48,13.65,3.74,51.00,4.708
14:15:49,13.61,3.74,50.89,4.722
14:15:50,13.59,3.80,51.65,4.737
14:15:51,13.60,3.79,51.56,4.751
14:15:52,13.62,3.83,52.21,4.766
14:15:53,13.62,3.76,51.27,4.780
14:15:54,13.64,3.75,51.21,4.794
14:15:55,13.61,3.83,52.14,4.809
14:15:56,13.64,3.81,51.90,4.823
14:15:57,13.62,3.82,52.03,4.837
14:15:58,13.61,3.82,52.04,4.852
14:15:59,13.60,3.81,51.77,4.866
14:16:00,13.64,3.79,51.62,4.881
14:16:01,13.59,3.84,52.13,4.895
14:16:02,13.64,3.87,52.86,4.910
14:16:03,13.60,3.87,52.65,4.924
14:16:04,13.61,3.82,52.02,4.939
14:16:05,13.63,3.86,52.54,4.953
14:16:06,13.59,3.84,52.13,4.968
14:16:07,13.60,3.89,52.87,4.983
14:16:08,13.61,3.86,52.57,4.997
14:16:09,13.60,3.83,52.14,5.012
14:16:10,13.66,3.92,53.53,5.027
14:16:11,13.62,3.92,53.40,5.041
14:16:12,13.62,3.88,52.79,5.056
14:16:13,13.65,3.92,53.54,5.071
14:16:14,13.61,3.89,52.87,5.086
14:16:15,13.64,3.84,52.43,5.100
14:16:16,13.68,3.92,53.62,5.115
14:16:17,13.63,3.94,53.66,5.130
14:16:18,13.66,3.93,53.62,5.145
14:16:19,13.63,3.85,52.40,5.159
14:16:20,13.68,3.83,52.42,5.174
14:16:21,13.64,3.86,52.60,5.189
14:16:22,13.68,3.90,53.32,5.203
14:16:23,13.67,3.92,53.53,5.218
14:16:24,13.64,3.89,53.01,5.233
14:16:25,13.63,3.92,53.37,5.248
14:16:26,13.62,3.92,53.35,5.263
14:16:27,13.64,3.90,53.17,5.277
14:16:28,13.68,3.88,53.13,5.292
14:16:29,13.67,3.91,53.44,5.307
14:16:30,13.67,3.87,52.85,5.322
14:16:31,13.70,3.94,53.92,5.337
14:16:32,13.69,3.90,53.39,5.351
14:16:33,13.67,3.87,52.90,5.366
14:16:34,13.66,3.94,53.81,5.381
14:16:35,13.70,3.90,53.38,5.396
14:16:36,13.67,3.90,53.35,5.411
14:16:37,13.68,3.89,53.20,5.426
14:16:38,13.72,3.95,54.22,5.441
14:16:39,13.70,3.91,53.60,5.456
14:16:40,13.69,3.84,52.62,5.470
14:16:41,13.67,3.87,52.91,5.485
14:16:42,13.67,3.87,52.91,5.500
14:16:43,13.68,3.83,52.46,5.514
14:16:44,13.74,3.90,53.53,5.529
14:16:45,13.74,3.93,53.96,5.544
14:16:46,13.68,3.92,53.63,5.559
14:16:47,13.71,3.90,53.44,5.574
14:16:48,13.69,3.89,53.33,5.589
14:16:49,13.69,3.93,53.88,5.603
14:16:50,13.75,3.85,52.99,5.618
14:16:51,13.74,3.91,53.65,5.633
14:16:52,13.71,3.82,52.41,5.648
14:16:53,13.71,3.90,53.41,5.662
14:16:54,13.75,3.83,52.67,5.677
14:16:55,13.72,3.84,52.67,5.692
14:16:56,13.73,3.86,53.00,5.706
14:16:57,13.74,3.86,53.03,5.721
14:16:58,13.75,3.90,53.65,5.736
14:16:59,13.72,3.90,53.52,5.751
14:17:00,13.74,3.89,53.49,5.766
14:17:01,13.74,3.85,52.91,5.781
14:17:02,13.75,3.85,52.99,5.795
14:17:03,13.76,3.82,52.55,5.810
14:17:04,13.79,3.78,52.18,5.824
14:17:05,13.79,3.86,53.20,5.839
14:17:06,13.77,3.82,52.53,5.854
14:17:07,13.74,3.82,52.46,5.868
14:17:08,13.75,3.78,51.91,5.883
14:17:09,13.78,3.84,52.93,5.897
14:17:10,13.76,3.83,52.66,5.912
14:17:11,13.75,3.81,52.36,5.927
14:17:12,13.81,3.80,52.47,5.941
14:17:13,13.77,3.78,52.12,5.956
14:17:14,13.78,3.75,51.63,5.970
14:17:15,13.80,3.76,51.94,5.984
14:17:16,13.77,3.71,51.06,5.999
14:17:17,13.81,3.72,51.36,6.013
14:17:18,13.82,3.75,51.86,6.027
14:17:19,13.83,3.77,52.12,6.042
14:17:20,13.82,3.79,52.41,6.056
14:17:21,13.78,3.73,51.39,6.071
14:17:22,13.81,3.70,51.13,6.085
14:17:23,13.79,3.67,50.56,6.099
14:17:24,13.80,3.69,50.85,6.113
14:17:25,13.79,3.66,50.49,6.127
14:17:26,13.86,3.72,51.51,6.141
14:17:27,13.80,3.70,51.10,6.155
14:17:28,13.82,3.62,50.09,6.169
14:17:29,13.79,3.63,50.06,6.183
14:17:30,13.87,3.64,50.54,6.197
14:17:31,13.81,3.66,50.55,6.211
14:17:32,13.84,3.60,49.88,6.225
14:17:33,13.87,3.61,50.00,6.239
14:17:34,13.86,3.58,49.59,6.253
14:17:35,13.82,3.57,49.32,6.267
14:17:36,13.83,3.63,50.21,6.281
14:17:37,13.84,3.62,50.08,6.294
14:17:38,13.82,3.60,49.82,6.308
14:17:39,13.82,3.65,50.46,6.322
14:17:40,13.88,3.53,49.03,6.336
14:17:41,13.85,3.60,49.90,6.350
14:17:42,13.83,3.63,50.15,6.364
14:17:43,13.86,3.55,49.20,6.377
14:17:44,13.83,3.51,48.54,6.391
14:17:45,13.89,3.50,48.56,6.404
14:17:46,13.91,3.59,49.93,6.418
14:17:47,13.89,3.56,49.40,6.432
14:17:48,13.89,3.53,49.08,6.446
14:17:49,13.84,3.50,48.49,6.459
14:17:50,13.88,3.57,49.50,6.473
14:17:51,13.91,3.47,48.30,6.486
14:17:52,13.92,3.45,48.08,6.500
14:17:53,13.88,3.48,48.26,6.513
14:17:54,13.88,3.47,48.13,6.526
14:17:55,13.90,3.48,48.41,6.540
14:17:56,13.87,3.41,47.37,6.553
14:17:57,13.90,3.51,48.81,6.567
14:17:58,13.94,3.47,48.41,6.580
14:17:59,13.89,3.48,48.27,6.593
14:18:00,13.91,3.46,48.08,6.607
14:18:01,13.92,3.46,48.19,6.620
14:18:02,13.93,3.43,47.73,6.633
14:18:03,13.93,3.35,46.73,6.646
14:18:04,13.93,3.40,47.36,6.659
14:18:05,13.95,3.40,47.49,6.673
14:18:06,13.96,3.43,47.89,6.686
14:18:07,13.93,3.40,47.33,6.699
14:18:08,13.94,3.34,46.61,6.712
14:18:09,13.95,3.32,46.25,6.725
14:18:10,13.95,3.40,47.36,6.738
14:18:11,13.94,3.33,46.37,6.751
14:18:12,13.91,3.32,46.25,6.764
14:18:13,13.95,3.37,46.97,6.777
14:18:14,13.96,3.35,46.79,6.790
14:18:15,13.91,3.31,46.06,6.803
14:18:16,13.97,3.37,47.01,6.816
14:18:17,13.95,3.25,45.37,6.828
14:18:18,13.92,3.35,46.59,6.841
14:18:19,13.92,3.29,45.84,6.854
14:18:20,13.05,2.00,26.05,6.861
14:18:21,13.04,1.98,25.87,6.868
14:18:22,13.07,1.98,25.82,6.876
14:18:23,13.04,1.97,25.68,6.883
14:18:24,13.07,2.00,26.08,6.890
14:18:25,13.07,1.98,25.94,6.897
14:18:26,13.09,1.99,25.98,6.904
14:18:27,13.07,1.94,25.39,6.911
14:18:28,13.05,1.92,25.03,6.918
14:18:29,13.06,1.93,25.21,6.925
14:18:30,13.04,1.93,25.18,6.932
14:18:31,13.03,1.91,24.95,6.939
14:18:32,13.07,1.95,25.44,6.946
14:18:33,13.07,1.89,24.74,6.953
14:18:34,13.03,1.96,25.50,6.960
14:18:35,13.03,1.93,25.10,6.967
14:18:36,13.01,1.94,25.29,6.974
14:18:37,13.02,1.88,24.51,6.981
14:18:38,13.02,1.95,25.43,6.988
14:18:39,13.01,1.91,24.88,6.995
14:18:40,13.01,1.96,25.51,7.002
14:18:41,13.00,1.89,24.56,7.009
14:18:42,13.04,1.89,24.61,7.016
14:18:43,13.00,1.94,25.22,7.023
14:18:44,12.99,1.87,24.27,7.030
14:18:45,13.00,1.91,24.80,7.037
14:18:46,13.02,1.92,24.97,7.043
14:18:47,12.98,1.91,24.83,7.050
14:18:48,13.00,1.92,24.91,7.057
14:18:49,12.99,1.89,24.51,7.064
14:18:50,13.01,1.88,24.48,7.071
14:18:51,12.96,1.86,24.06,7.078
14:18:52,12.97,1.87,24.21,7.084
14:18:53,12.95,1.82,23.59,7.091
14:18:54,12.96,1.86,24.11,7.098
14:18:55,12.98,1.85,24.00,7.104
14:18:56,12.99,1.85,24.02,7.111
14:18:57,12.94,1.86,24.04,7.118
14:18:58,12.93,1.82,23.53,7.124
14:18:59,12.95,1.82,23.60,7.131
14:19:00,12.94,1.85,23.97,7.137
14:19:01,12.93,1.87,24.14,7.144
14:19:02,12.94,1.84,23.84,7.151
14:19:03,12.92,1.80,23.32,7.157
14:19:04,12.93,1.83,23.60,7.164
14:19:05,12.92,1.83,23.68,7.170
14:19:06,12.92,1.81,23.38,7.177
14:19:07,12.90,1.74,22.40,7.183
14:19:08,12.92,1.82,23.55,7.189
14:19:09,12.91,1.82,23.49,7.196
14:19:10,12.92,1.77,22.89,7.202
14:19:11,12.93,1.74,22.53,7.209
14:19:12,12.89,1.74,22.45,7.215
14:19:13,12.90,1.72,22.20,7.221
14:19:14,12.88,1.72,22.16,7.227
14:19:15,12.91,1.73,22.28,7.233
14:19:16,12.91,1.70,21.92,7.239
14:19:17,12.90,1.69,21.76,7.246
14:19:18,12.90,1.74,22.47,7.252
14:19:19,12.85,1.67,21.43,7.258
14:19:20,12.88,1.74,22.35,7.264
14:19:21,12.89,1.66,21.45,7.270
14:19:22,12.89,1.72,22.22,7.276
14:19:23,12.84,1.69,21.66,7.282
14:19:24,12.87,1.71,21.98,7.288
14:19:25,12.82,1.61,20.67,7.294
14:19:26,12.85,1.64,21.13,7.300
14:19:27,12.86,1.62,20.82,7.306
14:19:28,12.84,1.60,20.52,7.311
14:19:29,12.83,1.65,21.18,7.317
14:19:30,12.86,1.66,21.29,7.323
14:19:31,12.85,1.56,20.07,7.329
14:19:32,12.83,1.63,20.92,7.334
14:19:33,12.82,1.61,20.66,7.340
14:19:34,12.80,1.58,20.19,7.346
14:19:35,12.81,1.55,19.81,7.351
14:19:36,12.78,1.59,20.27,7.357
14:19:37,12.78,1.52,19.40,7.362
14:19:38,12.82,1.58,20.31,7.368
14:19:39,12.78,1.55,19.81,7.373
14:19:40,12.77,1.57,20.11,7.379
14:19:41,12.79,1.54,19.67,7.385
14:19:42,12.76,1.52,19.45,7.390
14:19:43,12.81,1.50,19.17,7.395
14:19:44,12.75,1.49,18.98,7.401
14:19:45,12.75,1.48,18.86,7.406
14:19:46,12.76,1.51,19.22,7.411
14:19:47,12.76,1.55,19.73,7.417
14:19:48,12.77,1.53,19.52,7.422
14:19:49,12.78,1.45,18.56,7.427
14:19:50,12.77,1.47,18.81,7.432
14:19:51,12.77,1.42,18.19,7.437
14:19:52,12.72,1.42,18.10,7.442
14:19:53,12.75,1.48,18.91,7.448
14:19:54,12.72,1.43,18.18,7.453
14:19:55,12.72,1.45,18.45,7.458
14:19:56,12.71,1.41,17.98,7.463
14:19:57,12.73,1.44,18.34,7.468
14:19:58,12.71,1.43,18.16,7.473
14:19:59,12.71,1.46,18.60,7.478
14:20:00,12.72,1.44,18.31,7.483
14:20:01,12.69,1.43,18.10,7.488
14:20:02,12.70,1.40,17.84,7.493
14:20:03,12.70,1.43,18.17,7.498
14:20:04,12.67,1.41,17.89,7.503
14:20:05,12.68,1.37,17.38,7.508
14:20:06,12.72,1.36,17.34,7.513
14:20:07,12.66,1.42,17.98,7.518
14:20:08,12.67,1.40,17.78,7.523
14:20:09,12.68,1.39,17.58,7.528
14:20:10,12.68,1.40,17.71,7.533
14:20:11,12.68,1.41,17.84,7.538
14:20:12,12.68,1.39,17.56,7.542
14:20:13,12.69,1.38,17.50,7.547
14:20:14,12.64,1.39,17.55,7.552
14:20:15,12.66,1.41,17.90,7.557
14:20:16,12.67,1.40,17.70,7.562
14:20:17,12.66,1.36,17.23,7.567
14:20:18,12.67,1.41,17.81,7.572
14:20:19,12.65,1.39,17.54,7.577
14:20:20,12.65,1.38,17.42,7.582
14:20:21,12.62,1.36,17.19,7.586
14:20:22,12.66,1.32,16.72,7.591
14:20:23,12.64,1.39,17.55,7.596
14:20:24,12.67,1.30,16.50,7.600
14:20:25,12.66,1.35,17.09,7.605
14:20:26,12.65,1.31,16.52,7.610
14:20:27,12.67,1.32,16.71,7.614
14:20:28,12.64,1.32,16.64,7.619
14:20:29,12.64,1.30,16.46,7.624
14:20:30,12.63,1.39,17.54,7.628
14:20:31,12.62,1.30,16.43,7.633
14:20:32,12.60,1.32,16.57,7.638
14:20:33,12.63,1.40,17.69,7.643
14:20:34,12.64,1.33,16.83,7.647
14:20:35,12.62,1.32,16.65,7.652
14:20:36,12.60,1.37,17.29,7.657
14:20:37,12.61,1.31,16.58,7.661
14:20:38,12.62,1.35,16.99,7.666
14:20:39,12.61,1.34,16.92,7.671
14:20:40,12.63,1.38,17.46,7.676
14:20:41,12.59,1.32,16.57,7.680
14:20:42,12.61,1.36,17.17,7.685
14:20:43,12.61,1.36,17.17,7.690
14:20:44,12.60,1.39,17.52,7.695
14:20:45,12.60,1.36,17.10,7.699
14:20:46,12.59,1.39,17.53,7.704
14:20:47,12.59,1.36,17.12,7.709
14:20:48,12.58,1.39,17.53,7.714
14:20:49,12.63,1.42,17.91,7.719
14:20:50,12.62,1.44,18.20,7.724
14:20:51,12.61,1.35,17.06,7.729
14:20:52,12.59,1.42,17.83,7.733
14:20:53,12.59,1.37,17.23,7.738
14:20:54,12.61,1.39,17.48,7.743
14:20:55,12.59,1.44,18.18,7.748
14:20:56,12.58,1.40,17.67,7.753
14:20:57,12.58,1.40,17.58,7.758
14:20:58,12.57,1.45,18.25,7.763
14:20:59,12.57,1.44,18.16,7.768
14:21:00,12.60,1.43,17.99,7.773
14:21:01,12.62,1.45,18.27,7.778
14:21:02,12.60,1.48,18.64,7.783
14:21:03,12.61,1.48,18.65,7.789
14:21:04,12.59,1.42,17.85,7.793
14:21:05,12.63,1.48,18.75,7.799
14:21:06,12.60,1.48,18.64,7.804
14:21:07,12.63,1.49,18.77,7.809
14:21:08,12.61,1.45,18.28,7.814
14:21:09,12.58,1.45,18.22,7.819
14:21:10,12.60,1.54,19.44,7.825
14:21:11,12.58,1.48,18.64,7.830
14:21:12,12.60,1.53,19.22,7.835
14:21:13,12.58,1.52,19.08,7.840
14:21:14,12.62,1.51,19.00,7.846
14:21:15,12.60,1.52,19.17,7.851
14:21:16,12.63,1.52,19.23,7.856
14:21:17,12.59,1.55,19.53,7.862
14:21:18,12.63,1.55,19.52,7.867
14:21:19,12.59,1.60,20.14,7.873
14:21:20,12.60,1.58,19.93,7.878
14:21:21,12.59,1.58,19.86,7.884
14:21:22,12.62,1.61,20.36,7.890
14:21:23,12.61,1.57,19.75,7.895
14:21:24,12.62,1.58,19.98,7.901
14:21:25,12.64,1.59,20.05,7.906
14:21:26,12.60,1.60,20.15,7.912
14:21:27,12.63,1.61,20.28,7.917
14:21:28,12.64,1.65,20.87,7.923
14:21:29,12.65,1.68,21.26,7.929
14:21:30,12.60,1.62,20.47,7.935
14:21:31,12.66,1.65,20.90,7.941
14:21:32,12.64,1.63,20.62,7.946
14:21:33,12.63,1.64,20.74,7.952
14:21:34,12.65,1.66,20.97,7.958
14:21:35,12.66,1.67,21.13,7.964
14:21:36,12.63,1.65,20.80,7.970
14:21:37,12.62,1.66,20.95,7.975
14:21:38,12.65,1.73,21.89,7.981
14:21:39,12.63,1.68,21.19,7.987
14:21:40,12.66,1.72,21.81,7.993
14:21:41,12.68,1.72,21.82,7.999
14:21:42,12.65,1.72,21.72,8.005
14:21:43,12.66,1.75,22.15,8.012
14:21:44,12.68,1.71,21.64,8.018
14:21:45,12.64,1.71,21.58,8.024
14:21:46,12.64,1.80,22.76,8.030
14:21:47,12.67,1.72,21.78,8.036
14:21:48,12.68,1.77,22.43,8.042
14:21:49,12.66,1.76,22.35,8.048
14:21:50,12.67,1.78,22.57,8.055
14:21:51,12.70,1.82,23.08,8.061
14:21:52,12.69,1.83,23.22,8.068
14:21:53,12.69,1.81,23.03,8.074
14:21:54,12.68,1.80,22.86,8.080
14:21:55,12.68,1.82,23.05,8.087
14:21:56,12.71,1.82,23.18,8.093
14:21:57,12.69,1.79,22.73,8.099
14:21:58,12.71,1.86,23.66,8.106
14:21:59,12.74,1.85,23.63,8.113
14:22:00,12.69,1.82,23.11,8.119
14:22:01,12.70,1.84,23.39,8.126
14:22:02,12.71,1.86,23.65,8.132
14:22:03,12.74,1.87,23.83,8.139
14:22:04,12.74,1.90,24.26,8.145
14:22:05,12.74,1.86,23.73,8.152
14:22:06,12.71,1.92,24.43,8.159
14:22:07,12.76,1.91,24.32,8.166
14:22:08,12.75,1.88,23.96,8.172
14:22:09,12.78,1.85,23.61,8.179
14:22:10,12.78,1.95,24.87,8.186
14:22:11,12.78,1.92,24.47,8.192
14:22:12,12.79,1.93,24.70,8.199
14:22:13,12.79,1.87,23.89,8.206
14:22:14,12.79,1.92,24.52,8.213
14:22:15,12.77,1.88,24.05,8.219
14:22:16,12.78,1.89,24.16,8.226
14:22:17,12.76,1.90,24.23,8.233
14:22:18,12.80,1.94,24.90,8.240
14:22:19,12.78,1.90,24.27,8.247
14:22:20,12.79,1.98,25.28,8.254
14:22:21,12.78,1.93,24.64,8.260
14:22:22,12.80,1.98,25.34,8.267
14:22:23,12.82,1.98,25.38,8.275
14:22:24,12.83,1.92,24.67,8.281
14:22:25,12.82,1.95,25.02,8.288
14:22:26,12.80,1.93,24.69,8.295
14:22:27,12.81,1.93,24.69,8.302
14:22:28,12.80,1.94,24.80,8.309
14:22:29,12.86,1.92,24.66,8.316
14:22:30,12.85,1.99,25.56,8.323
14:22:31,12.84,1.91,24.53,8.330
14:22:32,12.85,1.90,24.45,8.336
14:22:33,12.84,1.90,24.45,8.343
14:22:34,12.87,1.99,25.65,8.350
14:22:35,12.84,1.95,25.00,8.357
14:22:36,12.86,1.94,24.94,8.364
14:22:37,12.85,1.98,25.40,8.371
14:22:38,12.86,1.97,25.30,8.378
14:22:39,12.86,1.98,25.53,8.385
14:22:40,12.88,1.94,24.95,8.392
14:22:41,12.87,1.90,24.52,8.399
14:22:42,12.90,1.98,25.60,8.406
14:22:43,12.87,1.90,24.41,8.413
14:22:44,12.91,1.97,25.40,8.420
14:22:45,12.91,1.97,25.43,8.427
14:22:46,12.89,1.95,25.12,8.434
14:22:47,12.88,1.97,25.34,8.441
14:22:48,12.89,1.94,24.95,8.448
14:22:49,12.89,1.96,25.24,8.455
14:22:50,12.94,1.92,24.83,8.462
14:22:51,12.91,1.94,25.06,8.469
14:22:52,12.95,1.89,24.51,8.476
14:22:53,12.90,1.88,24.26,8.483
14:22:54,12.93,1.94,25.10,8.490
14:22:55,12.97,1.94,25.10,8.497
14:22:56,12.94,1.94,25.15,8.503
14:22:57,12.92,1.94,25.05,8.510
14:22:58,12.97,1.89,24.48,8.517
14:22:59,12.95,1.88,24.35,8.524
14:23:00,12.95,1.94,25.10,8.531
14:23:01,12.94,1.89,24.49,8.538
14:23:02,12.97,1.83,23.78,8.544
14:23:03,12.97,1.91,24.72,8.551
14:23:04,12.97,1.84,23.81,8.558
14:23:05,13.00,1.87,24.29,8.565
14:23:06,12.99,1.84,23.89,8.571
14:23:07,12.98,1.90,24.60,8.578
14:23:08,12.97,1.87,24.31,8.585
14:23:09,12.98,1.89,24.54,8.592
14:23:10,12.99,1.88,24.37,8.598
14:23:11,13.01,1.83,23.82,8.605
14:23:12,13.00,1.85,24.03,8.612
14:23:13,13.02,1.78,23.14,8.618
14:23:14,13.03,1.78,23.21,8.625
14:23:15,12.98,1.85,24.08,8.631
14:23:16,13.03,1.82,23.68,8.638
14:23:17,13.03,1.82,23.76,8.644
14:23:18,13.02,1.78,23.20,8.651
14:23:19,13.01,1.82,23.65,8.657
14:23:20,12.43,3.96,49.23,8.671
14:23:21,12.43,3.93,48.87,8.685
14:23:22,12.44,3.91,48.65,8.698
14:23:23,12.47,3.99,49.77,8.712
14:23:24,12.46,3.93,48.95,8.726
14:23:25,12.42,3.97,49.34,8.739
14:23:26,12.46,3.94,49.03,8.753
14:23:27,12.46,3.91,48.70,8.767
14:23:28,12.43,3.98,49.49,8.780
14:23:29,12.44,4.02,50.05,8.794
14:23:30,12.44,3.95,49.17,8.808
14:23:31,12.46,3.95,49.26,8.822
14:23:32,12.41,3.91,48.48,8.835
14:23:33,12.42,3.95,49.13,8.849
14:23:34,12.41,3.90,48.37,8.862
14:23:35,12.45,3.90,48.53,8.876
14:23:36,12.45,3.88,48.32,8.889
14:23:37,12.44,3.97,49.39,8.903
14:23:38,12.45,3.86,48.10,8.916
14:23:39,12.41,3.88,48.10,8.929
14:23:40,12.41,3.92,48.68,8.943
14:23:41,12.43,3.92,48.73,8.956
14:23:42,12.42,3.92,48.69,8.970
14:23:43,12.41,3.87,47.99,8.983
14:23:44,12.42,3.91,48.53,8.997
14:23:45,12.42,3.86,47.97,9.010
14:23:46,12.42,3.90,48.43,9.024
14:23:47,12.43,3.85,47.82,9.037
14:23:48,12.43,3.95,49.06,9.050
14:23:49,12.43,3.94,48.92,9.064
14:23:50,12.41,3.88,48.19,9.077
14:23:51,12.43,3.86,47.93,9.091
14:23:52,12.42,3.91,48.60,9.104
14:23:53,12.42,3.92,48.66,9.118
14:23:54,12.42,3.93,48.73,9.131
14:23:55,12.40,3.92,48.62,9.145
14:23:56,12.41,3.94,48.87,9.158
14:23:57,12.41,3.86,47.87,9.172
14:23:58,12.38,3.91,48.39,9.185
14:23:59,12.37,3.84,47.45,9.198
14:24:00,12.39,3.86,47.83,9.212
14:24:01,12.42,3.92,48.65,9.225
14:24:02,12.41,3.82,47.42,9.238
14:24:03,12.40,3.81,47.23,9.251
14:24:04,12.41,3.81,47.35,9.265
14:24:05,12.39,3.83,47.45,9.278
14:24:06,12.41,3.90,48.44,9.291
14:24:07,12.38,3.88,48.04,9.305
14:24:08,12.37,3.86,47.77,9.318
14:24:09,12.38,3.94,48.77,9.331
14:24:10,12.36,3.82,47.20,9.344
14:24:11,12.39,3.85,47.73,9.358
14:24:12,12.36,3.93,48.58,9.371
14:24:13,12.40,3.80,47.05,9.384
14:24:14,12.36,3.81,47.11,9.397
14:24:15,12.39,3.91,48.39,9.411
14:24:16,12.37,3.82,47.30,9.424
14:24:17,12.35,3.87,47.77,9.437
14:24:18,12.39,3.81,47.17,9.450
14:24:19,12.39,3.90,48.38,9.464
14:24:20,12.35,3.87,47.77,9.477
14:24:21,12.36,3.89,48.03,9.490
14:24:22,12.35,3.82,47.15,9.503
14:24:23,12.35,3.82,47.12,9.517
14:24:24,12.35,3.79,46.77,9.530
14:24:25,12.37,3.88,48.03,9.543
14:24:26,12.35,3.81,47.08,9.556
14:24:27,12.37,3.88,48.05,9.569
14:24:28,12.37,3.83,47.37,9.582
14:24:29,12.34,3.82,47.13,9.596
14:24:30,12.35,3.88,47.91,9.609
14:24:31,12.34,3.91,48.21,9.622
14:24:32,12.36,3.92,48.50,9.636
14:24:33,12.33,3.88,47.83,9.649
14:24:34,12.35,3.86,47.66,9.662
14:24:35,12.36,3.87,47.80,9.676
14:24:36,12.33,3.89,47.90,9.689
14:24:37,12.36,3.85,47.59,9.702
14:24:38,12.36,3.92,48.44,9.716
14:24:39,12.32,3.78,46.54,9.728
14:24:40,12.34,3.80,46.85,9.741
14:24:41,12.36,3.84,47.50,9.755
14:24:42,12.32,3.78,46.53,9.768
14:24:43,12.32,3.80,46.75,9.781
14:24:44,12.36,3.91,48.36,9.794
14:24:45,12.33,3.86,47.54,9.807
14:24:46,12.35,3.86,47.61,9.820
14:24:47,12.35,3.82,47.21,9.834
14:24:48,12.32,3.87,47.72,9.847
14:24:49,12.34,3.81,47.07,9.860
14:24:50,12.35,3.84,47.43,9.873
14:24:51,12.31,3.85,47.43,9.886
14:24:52,12.30,3.88,47.77,9.900
14:24:53,12.30,3.79,46.64,9.912
14:24:54,12.30,3.88,47.72,9.926
14:24:55,12.34,3.78,46.67,9.939
14:24:56,12.31,3.89,47.85,9.952
14:24:57,12.34,3.87,47.71,9.965
14:24:58,12.29,3.88,47.67,9.978
14:24:59,12.33,3.79,46.78,9.991
14:25:00,12.32,3.82,47.02,10.005
14:25:01,12.30,3.84,47.24,10.018
14:25:02,12.29,3.89,47.78,10.031
14:25:03,12.33,3.79,46.75,10.044
14:25:04,12.29,3.90,47.92,10.057
14:25:05,12.29,3.94,48.38,10.071
14:25:06,12.29,3.90,47.86,10.084
14:25:07,12.30,3.94,48.43,10.097
14:25:08,12.28,3.91,48.03,10.111
14:25:09,12.32,3.89,47.88,10.124
14:25:10,12.31,3.94,48.53,10.138
14:25:11,12.28,3.86,47.46,10.151
14:25:12,12.30,3.82,46.98,10.164
14:25:13,12.28,3.83,47.01,10.177
14:25:14,12.28,3.82,46.85,10.190
14:25:15,12.30,3.89,47.82,10.203
14:25:16,12.31,3.88,47.76,10.216
14:25:17,12.30,3.89,47.83,10.230
14:25:18,12.27,3.91,47.94,10.243
14:25:19,12.30,3.87,47.63,10.256
14:25:20,12.30,3.87,47.60,10.269
14:25:21,12.27,3.81,46.82,10.282
14:25:22,12.30,3.86,47.42,10.296
14:25:23,12.28,3.91,48.04,10.309
14:25:24,12.30,3.92,48.25,10.322
14:25:25,12.30,3.93,48.29,10.336
14:25:26,12.27,3.88,47.64,10.349
14:25:27,12.30,3.90,47.97,10.362
14:25:28,12.28,3.94,48.44,10.376
14:25:29,12.27,3.88,47.64,10.389
14:25:30,12.29,3.90,47.97,10.402
14:25:31,12.27,3.88,47.59,10.416
14:25:32,12.25,3.88,47.54,10.429
14:25:33,12.29,3.91,48.00,10.442
14:25:34,12.27,3.97,48.67,10.456
14:25:35,12.25,3.89,47.61,10.469
14:25:36,12.24,3.96,48.45,10.482
14:25:37,12.25,3.95,48.45,10.496
14:25:38,12.26,3.94,48.30,10.509
14:25:39,12.23,3.89,47.59,10.522
14:25:40,12.25,3.89,47.71,10.536
14:25:41,12.28,3.89,47.81,10.549
14:25:42,12.24,3.93,48.08,10.562
14:25:43,12.26,3.92,48.08,10.576
14:25:44,12.24,4.01,49.07,10.589
14:25:45,12.23,3.92,47.92,10.603
14:25:46,12.25,3.89,47.65,10.616
14:25:47,12.26,3.88,47.52,10.629
14:25:48,12.26,4.00,49.05,10.643
14:25:49,12.23,4.03,49.27,10.656
14:25:50,12.26,3.93,48.15,10.670
14:25:51,12.24,3.99,48.90,10.683
14:25:52,12.27,3.91,48.00,10.697
14:25:53,12.26,3.95,48.39,10.710
14:25:54,12.26,3.91,47.87,10.723
14:25:55,12.25,4.03,49.41,10.737
14:25:56,12.23,3.91,47.86,10.750
14:25:57,12.23,3.93,48.08,10.764
14:25:58,12.21,4.03,49.18,10.777
14:25:59,12.24,3.94,48.23,10.791
14:26:00,12.21,3.92,47.85,10.804
14:26:01,12.22,4.01,48.98,10.818
14:26:02,12.21,4.05,49.45,10.831
14:26:03,12.23,3.94,48.14,10.845
14:26:04,12.25,4.01,49.07,10.858
14:26:05,12.24,4.07,49.89,10.872
14:26:06,12.24,4.04,49.40,10.886
14:26:07,12.23,4.04,49.36,10.900
14:26:08,12.22,4.01,49.00,10.913
14:26:09,12.24,4.04,49.43,10.927
14:26:10,12.23,4.09,50.04,10.941
14:26:11,12.22,3.96,48.44,10.954
14:26:12,12.24,4.10,50.15,10.968
14:26:13,12.24,4.11,50.26,10.982
14:26:14,12.19,3.97,48.44,10.996
14:26:15,12.21,4.02,49.08,11.009
14:26:16,12.19,4.09,49.88,11.023
14:26:17,12.19,4.00,48.69,11.037
14:26:18,12.21,4.12,50.34,11.051
14:26:19,12.22,4.00,48.86,11.064
14:26:20,12.19,4.10,49.98,11.078
14:26:21,12.19,4.04,49.23,11.092
14:26:22,12.17,4.04,49.17,11.106
14:26:23,12.21,4.06,49.58,11.119
14:26:24,12.17,4.06,49.47,11.133
14:26:25,12.18,4.08,49.75,11.147
14:26:26,12.17,4.15,50.53,11.161
14:26:27,12.20,4.12,50.27,11.175
14:26:28,12.20,4.10,49.95,11.189
14:26:29,12.20,4.04,49.30,11.202
14:26:30,12.18,4.16,50.72,11.217
14:26:31,12.21,4.16,50.79,11.231
14:26:32,12.17,4.09,49.74,11.244
14:26:33,12.20,4.13,50.34,11.258
14:26:34,12.16,4.11,50.02,11.272
14:26:35,12.16,4.11,49.95,11.286
14:26:36,12.19,4.07,49.68,11.300
14:26:37,12.20,4.17,50.82,11.314
14:26:38,12.20,4.19,51.13,11.328
14:26:39,12.19,4.11,50.13,11.342
14:26:40,12.16,4.07,49.48,11.356
14:26:41,12.19,4.09,49.82,11.370
14:26:42,12.17,4.18,50.92,11.384
14:26:43,12.15,4.08,49.56,11.398
14:26:44,12.19,4.10,50.03,11.412
14:26:45,12.15,4.14,50.34,11.426
14:26:46,12.17,4.16,50.62,11.440
14:26:47,12.19,4.14,50.41,11.454
14:26:48,12.17,4.21,51.19,11.468
14:26:49,12.15,4.17,50.62,11.482
14:26:50,12.18,4.14,50.41,11.496
14:26:51,12.18,4.13,50.26,11.510
14:26:52,12.18,4.24,51.67,11.524
14:26:53,12.17,4.13,50.28,11.538
14:26:54,12.17,4.19,50.98,11.552
14:26:55,12.14,4.15,50.35,11.566
14:26:56,12.15,4.14,50.24,11.580
14:26:57,12.14,4.22,51.28,11.595
14:26:58,12.16,4.20,51.03,11.609
14:26:59,12.15,4.24,51.54,11.623
14:27:00,12.16,4.27,51.94,11.638
14:27:01,12.13,4.25,51.49,11.652
14:27:02,12.16,4.23,51.42,11.666
14:27:03,12.16,4.28,52.08,11.681
14:27:04,12.13,4.24,51.48,11.695
14:27:05,12.15,4.24,51.51,11.709
14:27:06,12.16,4.27,51.94,11.724
14:27:07,12.12,4.18,50.67,11.738
14:27:08,12.14,4.24,51.44,11.752
14:27:09,12.14,4.19,50.82,11.766
14:27:10,12.14,4.28,51.97,11.781
14:27:11,12.14,4.21,51.17,11.795
14:27:12,12.14,4.29,52.11,11.809
14:27:13,12.15,4.27,51.89,11.824
14:27:14,12.10,4.24,51.30,11.838
14:27:15,12.11,4.23,51.22,11.852
14:27:16,12.14,4.24,51.44,11.866
14:27:17,12.12,4.27,51.70,11.881
14:27:18,12.12,4.28,51.91,11.895
14:27:19,12.12,4.26,51.58,11.910
14:27:20,12.12,4.30,52.11,11.924
14:27:21,12.10,4.26,51.57,11.938
14:27:22,12.10,4.25,51.35,11.953
14:27:23,12.12,4.32,52.35,11.967
14:27:24,12.09,4.22,51.09,11.981
14:27:25,12.13,4.29,52.05,11.996
14:27:26,12.12,4.32,52.40,12.010
14:27:27,12.12,4.24,51.36,12.025
14:27:28,12.11,4.26,51.54,12.039
14:27:29,12.11,4.24,51.38,12.053
14:27:30,12.08,4.31,52.05,12.068
14:27:31,12.09,4.26,51.45,12.082
14:27:32,12.11,4.31,52.25,12.096
14:27:33,12.11,4.33,52.42,12.111
14:27:34,12.12,4.26,51.61,12.125
14:27:35,12.09,4.32,52.24,12.140
14:27:36,12.12,4.40,53.35,12.155
14:27:37,12.11,4.36,52.83,12.169
14:27:38,12.08,4.41,53.22,12.184
14:27:39,12.11,4.34,52.63,12.199
14:27:40,12.11,4.37,52.95,12.213
14:27:41,12.08,4.36,52.62,12.228
14:27:42,12.10,4.35,52.67,12.243
14:27:43,12.10,4.41,53.33,12.258
14:27:44,12.10,4.29,51.91,12.272
14:27:45,12.10,4.36,52.81,12.287
14:27:46,12.08,4.34,52.44,12.301
14:27:47,12.07,4.42,53.33,12.316
14:27:48,12.07,4.29,51.77,12.330
14:27:49,12.06,4.35,52.47,12.345
14:27:50,12.07,4.32,52.15,12.359
14:27:51,12.07,4.43,53.48,12.374
14:27:52,12.08,4.41,53.34,12.389
14:27:53,12.06,4.34,52.36,12.404
14:27:54,12.06,4.38,52.76,12.418
14:27:55,12.05,4.36,52.47,12.433
14:27:56,12.06,4.35,52.40,12.447
14:27:57,12.08,4.33,52.31,12.462
14:27:58,12.07,4.35,52.50,12.477
14:27:59,12.06,4.40,53.08,12.491
14:28:00,12.05,4.39,52.87,12.506
14:28:01,12.05,4.45,53.63,12.521
14:28:02,12.07,4.35,52.51,12.535
14:28:03,12.05,4.36,52.58,12.550
14:28:04,12.04,4.34,52.24,12.565
14:28:05,12.06,4.33,52.23,12.579
14:28:06,12.06,4.37,52.72,12.594
14:28:07,12.03,4.36,52.43,12.608
14:28:08,12.05,4.43,53.44,12.623
14:28:09,12.04,4.42,53.18,12.638
14:28:10,12.07,4.37,52.72,12.653
14:28:11,12.06,4.35,52.45,12.667
14:28:12,12.02,4.38,52.66,12.682
14:28:13,12.06,4.46,53.77,12.697
14:28:14,12.04,4.47,53.84,12.712
14:28:15,12.07,4.48,54.02,12.727
14:28:16,12.03,4.39,52.80,12.741
14:28:17,12.07,4.39,53.02,12.756
14:28:18,12.02,4.50,54.04,12.771
14:28:19,12.06,4.38,52.78,12.786
14:28:20,12.03,4.46,53.62,12.801
14:28:21,12.04,4.43,53.33,12.815
14:28:22,12.04,4.40,52.97,12.830
14:28:23,12.04,4.51,54.25,12.845
14:28:24,12.01,4.46,53.51,12.860
14:28:25,12.03,4.45,53.53,12.875
14:28:26,12.04,4.51,54.33,12.890
14:28:27,12.02,4.50,54.03,12.905
14:28:28,12.05,4.41,53.11,12.920
14:28:29,12.04,4.38,52.74,12.934
14:28:30,12.00,4.40,52.78,12.949
14:28:31,12.03,4.39,52.77,12.964
14:28:32,12.04,4.49,54.05,12.979
14:28:33,12.00,4.49,53.84,12.994
14:28:34,12.04,4.46,53.66,13.009
14:28:35,12.00,4.39,52.64,13.023
14:28:36,12.03,4.44,53.39,13.038
14:28:37,12.03,4.49,54.00,13.053
14:28:38,12.00,4.51,54.15,13.068
14:28:39,12.02,4.41,52.97,13.083
14:28:40,12.03,4.48,53.90,13.098
14:28:41,12.00,4.38,52.62,13.112
14:28:42,12.00,4.37,52.49,13.127
14:28:43,11.99,4.40,52.71,13.142
14:28:44,12.02,4.41,52.95,13.156
14:28:45,12.02,4.45,53.46,13.171
14:28:46,12.01,4.40,52.83,13.186
14:28:47,12.00,4.52,54.29,13.201
14:28:48,11.98,4.52,54.15,13.216
14:28:49,11.98,4.46,53.48,13.231
14:28:50,11.99,4.44,53.29,13.246
14:28:51,11.99,4.52,54.19,13.261
14:28:52,11.99,4.38,52.56,13.275
14:28:53,12.00,4.39,52.64,13.290
14:28:54,11.98,4.50,53.84,13.305
14:28:55,11.97,4.40,52.69,13.320
14:28:56,11.98,4.46,53.37,13.334
14:28:57,11.96,4.48,53.54,13.349
14:28:58,11.98,4.47,53.52,13.364
14:28:59,12.01,4.42,53.09,13.379
14:29:00,12.00,4.49,53.91,13.394
14:29:01,11.96,4.47,53.43,13.409
14:29:02,11.96,4.51,54.00,13.424
14:29:03,11.99,4.49,53.87,13.439
14:29:04,11.98,4.42,52.95,13.453
14:29:05,11.96,4.42,52.80,13.468
14:29:06,11.95,4.47,53.42,13.483
14:29:07,11.96,4.49,53.67,13.498
14:29:08,11.98,4.41,52.87,13.512
14:29:09,11.96,4.39,52.55,13.527
14:29:10,11.98,4.40,52.74,13.542
14:29:11,11.98,4.43,53.03,13.556
14:29:12,11.99,4.43,53.13,13.571
14:29:13,11.96,4.48,53.58,13.586
14:29:14,11.99,4.50,53.93,13.601
14:29:15,11.98,4.39,52.60,13.616
14:29:16,11.97,4.46,53.38,13.631
14:29:17,11.94,4.45,53.17,13.645
14:29:18,11.98,4.39,52.58,13.660
14:29:19,11.97,4.39,52.52,13.674
14:29:20,11.94,4.50,53.77,13.689
14:29:21,11.94,4.36,52.09,13.704
14:29:22,11.95,4.49,53.68,13.719
14:29:23,11.94,4.36,52.08,13.733
14:29:24,11.95,4.44,53.07,13.748
14:29:25,11.97,4.41,52.84,13.763
14:29:26,11.92,4.43,52.79,13.777
14:29:27,11.92,4.36,51.94,13.792
14:29:28,11.93,4.48,53.50,13.807
14:29:29,11.93,4.39,52.35,13.821
14:29:30,11.95,4.37,52.22,13.836
14:29:31,11.95,4.40,52.55,13.850
14:29:32,11.91,4.35,51.78,13.865
14:29:33,11.94,4.35,51.98,13.879
14:29:34,11.96,4.37,52.26,13.894
14:29:35,11.92,4.44,52.97,13.908
14:29:36,11.91,4.40,52.37,13.923
14:29:37,11.94,4.45,53.12,13.938
14:29:38,11.92,4.37,52.07,13.952
14:29:39,11.91,4.44,52.86,13.967
14:29:40,11.91,4.40,52.40,13.981
14:29:41,11.95,4.41,52.69,13.996
14:29:42,11.94,4.41,52.66,14.011
14:29:43,11.94,4.46,53.27,14.025
14:29:44,11.94,4.39,52.46,14.040
14:29:45,11.94,4.44,52.98,14.055
14:29:46,11.90,4.45,52.88,14.069
14:29:47,11.91,4.43,52.72,14.084
14:29:48,11.90,4.44,52.80,14.099
14:29:49,11.91,4.34,51.64,14.113
14:29:50,11.90,4.39,52.22,14.128
14:29:51,11.90,4.32,51.42,14.142
14:29:52,11.89,4.37,51.93,14.156
14:29:53,11.91,4.31,51.35,14.171
14:29:54,11.92,4.42,52.67,14.185
14:29:55,11.89,4.30,51.17,14.199
14:29:56,11.89,4.39,52.16,14.214
14:29:57,11.92,4.41,52.59,14.228
14:29:58,11.88,4.39,52.17,14.243
14:29:59,11.90,4.35,51.79,14.257
14:30:00,11.90,4.31,51.28,14.272
14:30:01,11.92,4.33,51.55,14.286
14:30:02,11.92,4.35,51.84,14.300
14:30:03,11.90,4.35,51.79,14.315
14:30:04,11.92,4.38,52.20,14.329
14:30:05,11.89,4.36,51.86,14.344
14:30:06,11.91,4.31,51.30,14.358
14:30:07,11.88,4.33,51.41,14.372
14:30:08,11.89,4.37,51.98,14.387
14:30:09,11.91,4.29,51.13,14.401
14:30:10,11.90,4.29,51.04,14.415
14:30:11,11.86,4.28,50.80,14.429
14:30:12,11.91,4.36,51.89,14.443
14:30:13,11.86,4.26,50.50,14.457
14:30:14,11.88,4.23,50.27,14.471
14:30:15,11.86,4.26,50.50,14.485
14:30:16,11.88,4.37,51.90,14.500
14:30:17,11.87,4.34,51.50,14.514
14:30:18,11.86,4.29,50.91,14.528
14:30:19,11.88,4.21,50.09,14.542
14:30:20,11.86,4.24,50.31,14.556
14:30:21,11.87,4.27,50.70,14.570
14:30:22,11.85,4.22,50.04,14.584
14:30:23,11.86,4.20,49.87,14.598
14:30:24,11.86,4.33,51.33,14.612
14:30:25,11.85,4.30,51.00,14.626
14:30:26,11.88,4.31,51.15,14.641
14:30:27,11.88,4.27,50.80,14.655
14:30:28,11.88,4.24,50.35,14.669
14:30:29,11.84,4.31,51.00,14.683
14:30:30,11.86,4.22,50.05,14.697
14:30:31,11.87,4.26,50.56,14.711
14:30:32,11.87,4.21,49.96,14.725
14:30:33,11.85,4.25,50.31,14.739
14:30:34,11.86,4.21,49.93,14.753
14:30:35,11.85,4.24,50.27,14.767
14:30:36,11.83,4.25,50.26,14.781
14:30:37,11.86,4.22,50.06,14.794
14:30:38,11.87,4.26,50.63,14.809
14:30:39,11.87,4.22,50.14,14.822
14:30:40,11.82,4.27,50.48,14.836
14:30:41,11.85,4.16,49.28,14.850
14:30:42,11.84,4.27,50.57,14.864
14:30:43,11.86,4.17,49.47,14.878
14:30:44,11.84,4.17,49.43,14.892
14:30:45,11.86,4.17,49.41,14.905
14:30:46,11.82,4.17,49.27,14.919
14:30:47,11.82,4.18,49.35,14.933
14:30:48,11.84,4.18,49.46,14.947
14:30:49,11.84,4.22,49.94,14.960
14:30:50,11.82,4.21,49.75,14.974
14:30:51,11.82,4.18,49.37,14.988
14:30:52,11.82,4.16,49.14,15.002
14:30:53,11.81,4.10,48.43,15.015
14:30:54,11.82,4.12,48.69,15.029
14:30:55,11.83,4.13,48.83,15.042
14:30:56,11.82,4.22,49.90,15.056
14:30:57,11.81,4.17,49.18,15.070
14:30:58,11.83,4.16,49.17,15.083
14:30:59,11.82,4.14,48.90,15.097
14:31:00,11.83,4.17,49.38,15.111
14:31:01,11.81,4.06,47.96,15.124
14:31:02,11.82,4.12,48.69,15.137
14:31:03,11.81,4.06,47.96,15.151
14:31:04,11.80,4.14,48.82,15.164
14:31:05,11.80,4.19,49.42,15.178
14:31:06,11.79,4.09,48.21,15.191
14:31:07,11.81,4.09,48.24,15.205
14:31:08,11.81,4.14,48.96,15.218
14:31:09,11.78,4.16,49.00,15.232
14:31:10,11.81,4.03,47.54,15.245
14:31:11,11.80,4.15,48.97,15.259
14:31:12,11.82,4.13,48.86,15.272
14:31:13,11.78,4.16,49.02,15.286
14:31:14,11.78,4.10,48.28,15.299
14:31:15,11.78,4.12,48.46,15.313
14:31:16,11.82,4.01,47.38,15.326
14:31:17,11.79,4.03,47.54,15.339
14:31:18,11.81,4.13,48.73,15.353
14:31:19,11.81,3.99,47.14,15.366
14:31:20,11.80,4.10,48.34,15.379
14:31:21,11.78,4.08,48.03,15.393
14:31:22,11.81,4.05,47.83,15.406
14:31:23,11.77,4.00,47.11,15.419
14:31:24,11.80,4.00,47.21,15.432
14:31:25,11.77,4.07,47.91,15.446
14:31:26,11.78,4.00,47.09,15.459
14:31:27,11.78,3.98,46.86,15.472
14:31:28,11.77,4.05,47.71,15.485
14:31:29,11.77,4.08,48.01,15.498
14:31:30,11.80,4.10,48.42,15.512
14:31:31,11.78,4.09,48.20,15.525
14:31:32,11.77,4.06,47.83,15.538
14:31:33,11.79,3.97,46.84,15.551
14:31:34,11.76,4.05,47.58,15.565
14:31:35,11.79,4.07,47.99,15.578
14:31:36,11.76,4.03,47.35,15.591
14:31:37,11.78,4.05,47.76,15.604
14:31:38,11.76,3.93,46.25,15.617
14:31:39,11.77,4.07,47.92,15.630
14:31:40,11.74,3.97,46.64,15.643
14:31:41,11.76,3.96,46.51,15.656
14:31:42,11.75,3.92,46.03,15.669
14:31:43,11.77,4.01,47.15,15.682
14:31:44,11.78,3.98,46.86,15.695
14:31:45,11.78,3.98,46.93,15.708
14:31:46,11.74,4.00,46.93,15.721
14:31:47,11.74,3.91,45.83,15.734
14:31:48,11.74,3.98,46.69,15.747
14:31:49,11.77,4.02,47.39,15.760
14:31:50,11.74,3.92,45.96,15.773
14:31:51,11.77,3.95,46.44,15.786
14:31:52,11.75,3.95,46.46,15.799
14:31:53,11.75,4.02,47.22,15.812
14:31:54,11.75,4.03,47.33,15.825
14:31:55,11.73,3.91,45.90,15.838
14:31:56,11.74,3.89,45.62,15.850
14:31:57,11.74,3.99,46.89,15.863
14:31:58,11.73,3.96,46.45,15.876
14:31:59,11.72,3.98,46.62,15.889
14:32:00,11.75,3.91,45.99,15.902
14:32:01,11.75,3.94,46.28,15.915
14:32:02,11.72,3.96,46.47,15.928
14:32:03,11.74,3.97,46.60,15.941
14:32:04,11.75,3.87,45.51,15.953
14:32:05,11.71,3.99,46.76,15.966
14:32:06,11.74,3.92,46.04,15.979
14:32:07,11.70,3.96,46.30,15.992
14:32:08,11.71,3.97,46.48,16.005
14:32:09,11.73,3.96,46.48,16.018
14:32:10,11.72,3.90,45.69,16.031
14:32:11,11.72,3.95,46.27,16.043
14:32:12,11.72,3.86,45.21,16.056
14:32:13,11.74,3.89,45.70,16.069
14:32:14,11.73,3.93,46.15,16.082
14:32:15,11.72,3.85,45.17,16.094
14:32:16,11.70,3.90,45.61,16.107
14:32:17,11.73,3.91,45.86,16.119
14:32:18,11.73,3.82,44.81,16.132
14:32:19,11.70,3.96,46.29,16.145
14:32:20,11.69,3.85,45.01,16.157
14:32:21,11.72,3.84,44.94,16.170
14:32:22,11.72,3.87,45.33,16.182
14:32:23,11.68,3.91,45.70,16.195
14:32:24,11.71,3.93,45.97,16.208
14:32:25,11.71,3.87,45.28,16.220
14:32:26,11.68,3.86,45.14,16.233
14:32:27,11.70,3.85,45.02,16.245
14:32:28,11.70,3.95,46.24,16.258
14:32:29,11.67,3.94,46.01,16.271
14:32:30,11.67,3.94,45.98,16.284
14:32:31,11.69,3.92,45.82,16.297
14:32:32,11.67,3.89,45.39,16.309
14:32:33,11.70,3.82,44.70,16.322
14:32:34,11.67,3.85,44.88,16.334
14:32:35,11.68,3.86,45.05,16.347
14:32:36,11.68,3.89,45.45,16.359
14:32:37,11.67,3.82,44.61,16.372
14:32:38,11.66,3.84,44.81,16.384
14:32:39,11.68,3.88,45.37,16.397
14:32:40,11.68,3.85,44.98,16.409
14:32:41,11.68,3.85,44.90,16.422
14:32:42,11.69,3.83,44.82,16.434
14:32:43,11.66,3.88,45.23,16.447
14:32:44,11.66,3.92,45.69,16.459
14:32:45,11.66,3.93,45.83,16.472
14:32:46,11.66,3.93,45.79,16.485
14:32:47,11.68,3.93,45.88,16.497
14:32:48,11.67,3.78,44.13,16.510
14:32:49,11.68,3.78,44.16,16.522
14:32:50,11.67,3.90,45.53,16.535
14:32:51,11.69,3.84,44.93,16.547
14:32:52,11.66,3.80,44.27,16.559
14:32:53,11.68,3.88,45.34,16.572
14:32:54,11.65,3.82,44.54,16.584
14:32:55,11.65,3.87,45.10,16.597
14:32:56,11.64,3.87,45.05,16.609
14:32:57,11.66,3.88,45.22,16.622
14:32:58,11.66,3.85,44.86,16.634
14:32:59,11.66,3.80,44.25,16.647
14:33:00,11.67,3.82,44.61,16.659
14:33:01,11.64,3.78,43.99,16.671
14:33:02,11.66,3.92,45.75,16.684
14:33:03,11.65,3.84,44.73,16.697
14:33:04,11.67,3.87,45.15,16.709
14:33:05,11.63,3.86,44.84,16.722
14:33:06,11.62,3.86,44.86,16.734
14:33:07,11.62,3.89,45.16,16.747
14:33:08,11.64,3.91,45.48,16.759
14:33:09,11.62,3.81,44.32,16.771
14:33:10,11.64,3.89,45.24,16.784
14:33:11,11.64,3.80,44.18,16.796
14:33:12,11.65,3.85,44.92,16.809
14:33:13,11.63,3.92,45.61,16.821
14:33:14,11.61,3.80,44.16,16.834
14:33:15,11.65,3.90,45.45,16.846
14:33:16,11.63,3.91,45.41,16.859
14:33:17,11.65,3.82,44.48,16.871
14:33:18,11.61,3.86,44.75,16.884
14:33:19,11.60,3.91,45.32,16.896
14:33:20,11.63,3.83,44.59,16.909
14:33:21,11.64,3.84,44.71,16.921
14:33:22,11.61,3.83,44.49,16.933
14:33:23,11.61,3.88,45.03,16.946
14:33:24,11.61,3.88,45.01,16.958
14:33:25,11.63,3.79,44.05,16.971
14:33:26,11.64,3.90,45.41,16.983
14:33:27,11.59,3.92,45.40,16.996
14:33:28,11.63,3.81,44.35,17.008
14:33:29,11.59,3.94,45.65,17.021
14:33:30,11.61,3.87,44.93,17.033
14:33:31,11.60,3.92,45.49,17.046
14:33:32,11.59,3.88,44.97,17.059
14:33:33,11.60,3.83,44.50,17.071
14:33:34,11.58,3.87,44.79,17.083
14:33:35,11.59,3.94,45.70,17.096
14:33:36,11.63,3.87,44.96,17.109
14:33:37,11.59,3.81,44.20,17.121
14:33:38,11.58,3.92,45.35,17.133
14:33:39,11.60,3.87,44.91,17.146
14:33:40,11.58,3.88,44.98,17.158
14:33:41,11.57,3.92,45.31,17.171
14:33:42,11.58,3.91,45.31,17.184
14:33:43,11.60,3.87,44.86,17.196
14:33:44,11.59,3.83,44.41,17.208
14:33:45,11.61,3.83,44.49,17.221
14:33:46,11.58,3.90,45.21,17.233
14:33:47,11.59,3.86,44.74,17.246
14:33:48,11.57,3.84,44.40,17.258
14:33:49,11.61,3.89,45.14,17.271
14:33:50,11.56,3.86,44.69,17.283
14:33:51,11.57,3.95,45.74,17.296
14:33:52,11.59,3.84,44.56,17.308
14:33:53,11.57,3.98,45.98,17.321
14:33:54,11.57,3.95,45.72,17.334
14:33:55,11.59,3.94,45.64,17.346
14:33:56,11.60,3.98,46.09,17.359
14:33:57,11.59,3.85,44.66,17.371
14:33:58,11.58,3.91,45.26,17.384
14:33:59,11.55,3.96,45.73,17.397
14:34:00,11.58,3.95,45.77,17.409
14:34:01,11.56,3.93,45.42,17.422
14:34:02,11.58,4.00,46.26,17.435
14:34:03,11.55,3.95,45.62,17.448
14:34:04,11.59,3.90,45.23,17.460
14:34:05,11.57,4.00,46.25,17.473
14:34:06,11.57,4.01,46.42,17.486
14:34:07,11.58,3.97,45.93,17.499
14:34:08,11.58,3.88,44.91,17.511
14:34:09,11.58,3.93,45.50,17.524
14:34:10,11.54,4.02,46.34,17.537
14:34:11,11.57,3.97,45.96,17.549
14:34:12,11.53,3.91,45.11,17.562
14:34:13,11.55,3.93,45.33,17.575
14:34:14,11.53,3.93,45.27,17.587
14:34:15,11.57,3.96,45.80,17.600
14:34:16,11.56,3.93,45.40,17.612
14:34:17,11.54,4.01,46.29,17.625
14:34:18,11.53,3.92,45.23,17.638
14:34:19,11.56,3.92,45.32,17.650
14:34:20,11.56,4.00,46.22,17.663
14:34:21,11.53,4.04,46.60,17.676
14:34:22,11.55,3.99,46.12,17.689
14:34:23,11.55,3.99,46.09,17.702
14:34:24,11.55,3.92,45.26,17.714
14:34:25,11.55,4.07,47.04,17.727
14:34:26,11.54,3.99,46.07,17.740
14:34:27,11.52,3.98,45.81,17.753
14:34:28,11.54,3.99,46.04,17.766
14:34:29,11.53,4.04,46.61,17.779
14:34:30,11.55,4.07,46.99,17.792
14:34:31,11.55,4.09,47.24,17.805
14:34:32,11.53,3.96,45.63,17.818
14:34:33,11.50,3.97,45.69,17.830
14:34:34,11.55,4.00,46.23,17.843
14:34:35,11.53,4.07,46.92,17.856
14:34:36,11.53,3.99,46.06,17.869
14:34:37,11.54,3.97,45.82,17.882
14:34:38,11.51,4.08,46.93,17.895
14:34:39,11.53,4.05,46.67,17.908
14:34:40,11.50,3.98,45.76,17.920
14:34:41,11.52,4.06,46.75,17.933
14:34:42,11.53,3.98,45.92,17.946
14:34:43,11.50,3.99,45.83,17.959
14:34:44,11.52,4.13,47.56,17.972
14:34:45,11.48,4.11,47.17,17.985
14:34:46,11.53,4.13,47.63,17.998
14:34:47,11.50,4.11,47.21,18.011
14:34:48,11.53,4.15,47.83,18.025
14:34:49,11.49,4.07,46.72,18.038
14:34:50,11.48,4.09,46.92,18.051
14:34:51,11.48,4.03,46.28,18.064
14:34:52,11.50,4.16,47.86,18.077
14:34:53,11.47,4.16,47.71,18.090
14:34:54,11.52,4.12,47.43,18.103
14:34:55,11.50,4.11,47.24,18.116
14:34:56,11.51,4.06,46.73,18.129
14:34:57,11.48,4.12,47.27,18.143
14:34:58,11.49,4.13,47.43,18.156
14:34:59,11.50,4.10,47.18,18.169