Timestamp,Voltage,Current,PowerFactor,Frequency,Power
10:32:00,231.67,4.38,0.941,50.00,954.2
10:32:01,231.54,4.40,0.938,49.99,955.2
10:32:02,231.40,4.39,0.937,50.00,950.9
10:32:03,231.83,4.36,0.938,50.00,948.9
10:32:04,231.85,4.44,0.941,50.01,969.6
10:32:05,231.94,4.45,0.943,50.01,972.0
10:32:06,231.86,4.39,0.943,49.99,959.5
10:32:07,231.56,4.42,0.940,50.00,962.4
10:32:08,231.42,4.40,0.944,50.01,961.6
10:32:09,231.39,4.44,0.946,49.99,972.6
10:32:10,231.49,4.36,0.943,50.01,952.2
10:32:11,231.36,4.46,0.942,50.00,971.7
10:32:12,231.68,4.36,0.941,49.99,951.1
10:32:13,231.37,4.49,0.945,50.02,981.4
10:32:14,231.83,4.47,0.938,50.00,971.4
10:32:15,231.87,4.46,0.944,50.00,976.4
10:32:16,231.56,4.45,0.948,50.01,977.5
10:32:17,232.14,4.47,0.940,50.00,976.2
10:32:18,232.06,4.42,0.942,50.01,965.6
10:32:19,231.48,4.40,0.948,50.01,966.4
10:32:20,231.71,4.49,0.943,50.02,980.2
10:32:21,232.08,4.55,0.944,50.02,996.6
10:32:22,231.71,4.54,0.947,50.00,996.2
10:32:23,231.44,4.48,0.941,50.03,977.1
10:32:24,232.04,4.49,0.947,50.01,986.1
10:32:25,231.62,4.49,0.944,50.02,980.8
10:32:26,232.01,4.53,0.947,50.02,996.3
10:32:27,231.64,4.51,0.947,50.02,989.3
10:32:28,231.79,4.58,0.946,50.01,1003.4
10:32:29,231.40,4.59,0.943,50.01,1002.3
10:32:30,232.03,4.55,0.948,50.03,1001.4
10:32:31,232.13,4.62,0.944,50.01,1013.2
10:32:32,232.12,4.49,0.943,50.03,981.8
10:32:33,231.68,4.59,0.946,50.02,1005.2
10:32:34,231.91,4.57,0.949,50.02,1006.6
10:32:35,231.49,4.58,0.945,50.02,1001.6
10:32:36,231.59,4.51,0.946,50.03,987.6
10:32:37,232.07,4.52,0.950,50.02,997.9
10:32:38,231.43,4.56,0.947,50.02,999.0
10:32:39,232.10,4.61,0.951,50.02,1018.4
10:32:40,231.67,4.59,0.943,50.02,1002.5
10:32:41,231.39,4.67,0.948,50.02,1023.5
10:32:42,231.68,4.63,0.944,50.04,1011.4
10:32:43,231.88,4.65,0.950,50.03,1024.2
10:32:44,232.03,4.68,0.952,50.02,1034.4
10:32:45,231.71,4.56,0.951,50.03,1005.2
10:32:46,231.51,4.65,0.945,50.04,1017.1
10:32:47,231.46,4.68,0.954,50.02,1033.3
10:32:48,231.66,4.64,0.954,50.03,1025.1
10:32:49,231.72,4.60,0.950,50.02,1012.2
10:32:50,231.95,4.64,0.946,50.02,1019.4
10:32:51,232.01,4.61,0.953,50.05,1019.2
10:32:52,231.23,4.67,0.953,50.02,1029.7
10:32:53,231.60,4.66,0.947,50.04,1022.0
10:32:54,231.67,4.63,0.955,50.03,1024.9
10:32:55,231.73,4.66,0.955,50.03,1032.1
10:32:56,231.69,4.68,0.950,50.03,1029.5
10:32:57,231.86,4.61,0.949,50.04,1013.8
10:32:58,231.58,4.67,0.949,50.04,1025.4
10:32:59,231.59,4.75,0.947,50.04,1041.3
10:33:00,231.72,4.69,0.955,50.05,1038.7
10:33:01,231.23,4.75,0.953,50.03,1047.3
10:33:02,231.14,4.70,0.953,50.03,1035.6
10:33:03,231.14,4.77,0.952,50.05,1049.8
10:33:04,231.74,4.70,0.952,50.03,1037.7
10:33:05,231.56,4.67,0.955,50.05,1031.9
10:33:06,231.46,4.70,0.955,50.05,1038.9
10:33:07,231.55,4.74,0.954,50.03,1046.5
10:33:08,231.07,4.68,0.958,50.04,1036.5
10:33:09,231.10,4.78,0.951,50.05,1050.8
10:33:10,231.03,4.73,0.952,50.03,1039.9
10:33:11,231.33,4.71,0.956,50.06,1042.9
10:33:12,231.47,4.79,0.956,50.04,1058.9
10:33:13,231.10,4.77,0.958,50.06,1055.7
10:33:14,231.21,4.66,0.949,50.05,1023.0
10:33:15,231.63,4.77,0.959,50.06,1059.0
10:33:16,231.48,4.71,0.957,50.06,1043.1
10:33:17,231.45,4.66,0.953,50.05,1029.0
10:33:18,230.94,4.72,0.953,50.04,1038.5
10:33:19,231.40,4.79,0.956,50.03,1059.8
10:33:20,231.22,4.70,0.958,50.05,1040.1
10:33:21,230.88,4.71,0.954,50.05,1036.9
10:33:22,231.22,4.68,0.953,50.04,1031.2
10:33:23,231.32,4.68,0.955,50.04,1033.3
10:33:24,231.34,4.78,0.957,50.06,1058.4
10:33:25,231.47,4.75,0.956,50.05,1051.3
10:33:26,231.48,4.70,0.952,50.05,1036.7
10:33:27,230.95,4.81,0.952,50.06,1058.4
10:33:28,231.49,4.68,0.956,50.06,1035.7
10:33:29,231.38,4.68,0.959,50.05,1038.6
10:33:30,231.17,4.78,0.956,50.06,1056.4
10:33:31,231.33,4.73,0.955,50.04,1044.7
10:33:32,231.24,4.78,0.953,50.06,1052.9
10:33:33,230.79,4.73,0.955,50.04,1043.1
10:33:34,230.96,4.79,0.956,50.05,1056.7
10:33:35,231.21,4.79,0.952,50.05,1053.2
10:33:36,231.37,4.75,0.956,50.06,1050.4
10:33:37,231.35,4.69,0.953,50.05,1033.8
10:33:38,231.48,4.81,0.952,50.05,1059.4
10:33:39,230.82,4.71,0.961,50.06,1043.7
10:33:40,231.03,4.68,0.955,50.06,1032.9
10:33:41,230.73,4.76,0.961,50.04,1054.2
10:33:42,231.31,4.75,0.957,50.06,1051.6
10:33:43,231.21,4.73,0.956,50.05,1046.0
10:33:44,231.05,4.72,0.955,50.05,1040.6
10:33:45,231.34,4.78,0.961,50.07,1062.2
10:33:46,230.86,4.74,0.955,50.06,1044.5
10:33:47,231.47,4.67,0.961,50.07,1039.4
10:33:48,230.86,4.67,0.959,50.07,1034.4
10:33:49,231.04,4.68,0.959,50.06,1035.6
10:33:50,231.07,4.72,0.956,50.05,1043.0
10:33:51,231.16,4.79,0.959,50.05,1062.1
10:33:52,230.91,4.74,0.959,50.06,1050.0
10:33:53,231.05,4.70,0.962,50.05,1045.1
10:33:54,231.49,4.73,0.961,50.07,1052.2
10:33:55,231.12,4.69,0.962,50.06,1041.5
10:33:56,231.44,4.77,0.961,50.05,1062.3
10:33:57,231.06,4.79,0.958,50.06,1061.2
10:33:58,231.24,4.69,0.958,50.06,1038.9
10:33:59,231.33,4.72,0.955,50.05,1041.5
10:34:00,230.89,4.67,0.955,50.05,1030.4
10:34:01,231.20,4.65,0.954,50.05,1026.4
10:34:02,231.10,4.70,0.955,50.07,1036.2
10:34:03,231.21,4.77,0.954,50.05,1052.1
10:34:04,230.83,4.76,0.960,50.07,1055.1
10:34:05,230.97,4.75,0.954,50.06,1045.9
10:34:06,231.30,4.68,0.960,50.06,1040.3
10:34:07,231.41,4.74,0.959,50.05,1051.9
10:34:08,231.36,4.71,0.954,50.06,1040.5
10:34:09,230.83,4.65,0.954,50.06,1024.3
10:34:10,231.06,4.63,0.958,50.07,1024.6
10:34:11,231.36,4.69,0.962,50.07,1043.6
10:34:12,231.50,4.64,0.962,50.06,1032.1
10:34:13,231.50,4.66,0.960,50.07,1034.9
10:34:14,231.06,4.67,0.960,50.07,1036.9
10:34:15,231.53,4.59,0.962,50.06,1022.5
10:34:16,231.23,4.71,0.958,50.06,1042.3
10:34:17,231.17,4.68,0.963,50.06,1043.1
10:34:18,231.58,4.58,0.957,50.05,1014.7
10:34:19,231.07,4.71,0.963,50.05,1048.3
10:34:20,231.05,4.65,0.956,50.06,1028.5
10:34:21,231.20,4.69,0.961,50.05,1041.4
10:34:22,231.65,4.63,0.958,50.07,1026.9
10:34:23,231.43,4.57,0.962,50.07,1018.1
10:34:24,231.58,4.57,0.958,50.05,1012.6
10:34:25,231.57,4.59,0.959,50.05,1018.3
10:34:26,231.51,4.68,0.956,50.07,1035.4
10:34:27,231.18,4.68,0.955,50.06,1033.4
10:34:28,231.69,4.59,0.963,50.07,1023.2
10:34:29,231.99,4.58,0.956,50.06,1014.9
10:34:30,231.73,4.55,0.963,50.07,1014.4
10:34:31,232.01,4.55,0.961,50.06,1015.2
10:34:32,231.54,4.56,0.963,50.06,1017.8
10:34:33,231.35,4.56,0.962,50.07,1015.2
10:34:34,231.50,4.54,0.961,50.07,1010.2
10:34:35,232.00,4.50,0.955,50.06,996.5
10:34:36,231.41,4.58,0.963,50.06,1020.7
10:34:37,231.97,4.53,0.962,50.07,1010.8
10:34:38,232.18,4.49,0.959,50.06,999.2
10:34:39,231.80,4.58,0.964,50.04,1023.9
10:34:40,231.58,4.47,0.963,50.07,996.1
10:34:41,231.57,4.59,0.955,50.07,1015.4
10:34:42,231.82,4.57,0.961,50.06,1019.0
10:34:43,231.94,4.45,0.956,50.07,985.4
10:34:44,231.80,4.52,0.956,50.05,1001.3
10:34:45,231.73,4.48,0.955,50.05,991.9
10:34:46,231.97,4.43,0.957,50.05,982.3
10:34:47,231.75,4.51,0.958,50.07,1001.2
10:34:48,232.26,4.54,0.961,50.05,1012.3
10:34:49,232.40,4.43,0.956,50.06,985.0
10:34:50,232.38,4.51,0.964,50.05,1009.4
10:34:51,231.89,4.44,0.963,50.06,992.1
10:34:52,231.86,4.52,0.963,50.07,1008.8
10:34:53,231.90,4.52,0.961,50.06,1007.0
10:34:54,232.61,4.44,0.962,50.06,992.8
10:34:55,232.47,4.43,0.962,50.07,990.0
10:34:56,232.24,4.41,0.957,50.07,979.8
10:34:57,232.75,4.47,0.962,50.06,1000.2
10:34:58,232.39,4.38,0.959,50.04,976.6
10:34:59,232.33,4.35,0.957,50.06,966.9
10:35:00,232.29,4.38,0.963,50.07,980.7
10:35:01,232.26,4.41,0.957,50.05,980.4
10:35:02,232.43,4.34,0.958,50.05,965.5
10:35:03,232.83,4.33,0.956,50.06,964.0
10:35:04,232.51,4.36,0.957,50.06,969.5
10:35:05,232.32,4.34,0.963,50.06,971.0
10:35:06,233.07,4.41,0.958,50.04,983.4
10:35:07,233.06,4.33,0.961,50.06,969.2
10:35:08,232.61,4.34,0.958,50.04,966.5
10:35:09,232.65,4.42,0.959,50.05,985.4
10:35:10,232.66,4.28,0.960,50.04,955.4
10:35:11,232.85,4.35,0.960,50.04,973.3
10:35:12,232.69,4.26,0.956,50.04,948.5
10:35:13,233.03,4.39,0.957,50.05,978.7
10:35:14,232.84,4.30,0.956,50.04,957.6
10:35:15,232.85,4.34,0.954,50.04,963.0
10:35:16,232.70,4.34,0.958,50.04,967.8
10:35:17,233.26,4.22,0.956,50.05,941.2
10:35:18,232.87,4.34,0.954,50.06,963.8
10:35:19,233.00,4.27,0.962,50.05,958.5
10:35:20,232.97,4.31,0.960,50.06,963.2
10:35:21,232.89,4.33,0.959,50.05,968.0
10:35:22,232.82,4.31,0.958,50.03,960.8
10:35:23,233.58,4.24,0.958,50.04,948.3
10:35:24,232.95,4.25,0.956,50.06,947.7
10:35:25,233.23,4.17,0.960,50.04,933.7
10:35:26,233.52,4.28,0.959,50.04,959.2
10:35:27,233.05,4.25,0.960,50.04,951.4
10:35:28,233.07,4.25,0.957,50.05,948.8
10:35:29,233.67,4.19,0.957,50.04,935.9
10:35:30,233.58,4.16,0.956,50.06,928.9
10:35:31,233.82,4.22,0.953,50.04,939.6
10:35:32,233.81,4.21,0.958,50.05,943.0
10:35:33,233.35,4.15,0.962,50.05,931.7
10:35:34,233.84,4.11,0.955,50.04,918.5
10:35:35,233.93,4.16,0.956,50.04,931.0
10:35:36,233.45,4.13,0.954,50.04,920.6
10:35:37,233.35,4.23,0.956,50.03,943.4
10:35:38,233.63,4.17,0.953,50.03,928.7
10:35:39,233.76,4.17,0.952,50.03,928.1
10:35:40,233.45,4.15,0.953,50.05,924.1
10:35:41,233.64,4.22,0.952,50.02,937.6
10:35:42,234.03,4.21,0.958,50.03,942.5
10:35:43,233.40,4.20,0.953,50.05,934.6
10:35:44,233.38,4.07,0.953,50.05,904.7
10:35:45,233.52,4.08,0.956,50.02,910.8
10:35:46,233.96,4.16,0.958,50.05,932.5
10:35:47,234.17,4.11,0.952,50.04,915.7
10:35:48,234.06,4.17,0.954,50.03,931.0
10:35:49,233.74,4.04,0.956,50.04,903.4
10:35:50,233.61,4.03,0.953,50.04,896.7
10:35:51,233.93,4.10,0.954,50.03,915.8
10:35:52,234.17,4.13,0.956,50.04,925.4
10:35:53,233.65,4.07,0.950,50.04,903.0
10:35:54,233.71,4.12,0.954,50.03,917.7
10:35:55,233.97,4.10,0.954,50.02,915.9
10:35:56,234.30,4.09,0.956,50.04,915.9
10:35:57,233.62,3.99,0.955,50.02,890.6
10:35:58,234.17,4.01,0.954,50.03,896.7
10:35:59,233.78,4.03,0.952,50.02,896.7
10:36:00,233.57,3.99,0.951,50.02,886.1
10:36:01,234.10,3.98,0.950,50.03,884.2
10:36:02,234.30,4.03,0.958,50.01,904.8
10:36:03,233.66,4.06,0.951,50.03,902.3
10:36:04,233.85,4.07,0.953,50.04,907.2
10:36:05,233.78,4.08,0.951,50.02,906.4
10:36:06,233.69,3.97,0.956,50.03,887.4
10:36:07,233.69,4.00,0.957,50.02,894.1
10:36:08,234.19,3.99,0.951,50.02,888.8
10:36:09,234.37,4.02,0.957,50.03,900.7
10:36:10,234.13,3.99,0.949,50.03,885.8
10:36:11,233.97,4.06,0.948,50.01,901.7
10:36:12,233.83,3.96,0.953,50.02,881.8
10:36:13,233.62,3.95,0.949,50.02,875.4
10:36:14,233.77,4.03,0.954,50.02,898.3
10:36:15,233.89,4.03,0.952,50.01,897.2
10:36:16,233.63,4.04,0.954,50.02,900.6
10:36:17,233.73,4.01,0.954,50.02,893.8
10:36:18,234.02,3.93,0.955,50.03,877.5
10:36:19,233.74,4.05,0.953,50.02,902.3
10:36:20,233.98,3.91,0.952,50.02,869.9
10:36:21,233.54,4.01,0.951,50.01,891.1
10:36:22,233.56,3.96,0.950,50.02,879.1
10:36:23,233.78,3.99,0.948,50.02,884.2
10:36:24,234.03,3.96,0.948,50.01,879.8
10:36:25,234.07,4.04,0.952,50.01,899.3
10:36:26,233.69,3.99,0.950,50.01,884.4
10:36:27,233.51,4.01,0.948,50.01,887.3
10:36:28,233.68,3.97,0.944,50.02,875.0
10:36:29,233.60,3.90,0.951,50.02,866.9
10:36:30,234.21,4.03,0.945,50.02,891.3
10:36:31,233.61,3.98,0.944,50.02,877.1
10:36:32,234.02,3.91,0.946,49.99,864.3
10:36:33,233.42,3.90,0.947,50.02,861.9
10:36:34,233.71,3.92,0.950,50.01,871.3
10:36:35,233.67,4.00,0.948,50.01,885.8
10:36:36,234.09,3.91,0.946,49.99,866.9
10:36:37,234.09,3.93,0.949,50.01,873.9
10:36:38,233.76,3.93,0.947,50.00,869.5
10:36:39,233.56,4.01,0.943,49.99,883.9
10:36:40,233.45,3.95,0.952,50.00,878.5
10:36:41,233.83,4.00,0.949,50.01,887.9
10:36:42,233.53,4.02,0.949,50.01,891.2
10:36:43,233.75,4.02,0.948,50.00,891.5
10:36:44,233.22,3.99,0.944,50.01,877.6
10:36:45,233.16,3.98,0.945,49.98,877.2
10:36:46,233.72,4.01,0.948,50.01,888.2
10:36:47,233.81,3.98,0.941,49.99,875.0
10:36:48,233.39,3.99,0.949,50.00,883.5
10:36:49,233.72,3.92,0.944,50.00,864.5
10:36:50,233.32,3.96,0.942,49.98,870.2
10:36:51,233.73,3.98,0.942,49.99,877.1
10:36:52,233.11,4.03,0.949,49.99,891.1
10:36:53,233.18,3.92,0.944,49.99,862.9
10:36:54,233.01,4.01,0.947,50.00,883.4
10:36:55,233.24,3.96,0.940,49.99,868.8
10:36:56,232.81,3.94,0.939,50.00,860.4
10:36:57,233.25,3.97,0.947,49.98,876.9
10:36:58,233.27,3.94,0.941,49.98,865.4
10:36:59,232.93,3.92,0.940,49.99,858.2
10:37:00,233.45,3.95,0.942,49.98,869.1
10:37:01,232.83,4.00,0.947,50.00,881.9
10:37:02,233.02,3.92,0.942,49.97,861.1
10:37:03,232.76,3.96,0.939,49.99,865.2
10:37:04,232.82,4.04,0.944,50.00,888.7
10:37:05,232.53,3.94,0.943,50.00,863.2
10:37:06,232.53,3.96,0.944,49.97,869.1
10:37:07,232.65,4.00,0.943,49.98,877.6
10:37:08,233.03,3.96,0.946,50.00,872.8
10:37:09,233.03,3.98,0.942,49.98,874.6
10:37:10,232.65,3.94,0.940,49.98,861.1
10:37:11,232.70,4.02,0.939,49.97,877.5
10:37:12,232.95,4.02,0.944,49.98,882.9
10:37:13,232.34,4.01,0.942,49.98,877.7
10:37:14,232.26,4.00,0.941,49.97,874.9
10:37:15,232.20,4.05,0.936,49.98,880.8
10:37:16,232.54,3.95,0.936,49.98,859.6
10:37:17,232.81,4.07,0.936,49.98,888.0
10:37:18,232.26,3.97,0.938,49.98,864.9
10:37:19,232.42,4.05,0.940,49.97,884.9
10:37:20,232.69,3.98,0.934,49.98,865.6
10:37:21,232.32,3.99,0.937,49.96,868.1
10:37:22,232.62,4.02,0.937,49.97,876.7
10:37:23,232.34,4.05,0.934,49.98,878.2
10:37:24,232.50,4.04,0.933,49.97,876.6
10:37:25,232.56,3.99,0.939,49.98,870.8
10:37:26,232.27,4.05,0.939,49.99,884.1
10:37:27,232.13,4.07,0.933,49.98,881.0
10:37:28,231.91,4.02,0.933,49.98,869.5
10:37:29,232.18,4.14,0.940,49.96,902.6
10:37:30,231.75,4.04,0.939,49.98,879.3
10:37:31,231.97,4.08,0.936,49.97,885.9
10:37:32,231.74,4.14,0.933,49.98,894.5
10:37:33,231.83,4.06,0.933,49.98,878.2
10:37:34,231.60,4.16,0.935,49.96,901.2
10:37:35,231.51,4.16,0.936,49.97,902.3
10:37:36,231.55,4.07,0.940,49.95,886.4
10:37:37,231.56,4.07,0.933,49.95,879.5
10:37:38,231.76,4.03,0.936,49.98,875.0
10:37:39,231.92,4.05,0.932,49.98,875.0
10:37:40,231.47,4.16,0.934,49.97,899.7
10:37:41,231.77,4.16,0.932,49.97,897.3
10:37:42,231.65,4.18,0.937,49.95,907.9
10:37:43,231.52,4.15,0.933,49.95,897.1
10:37:44,231.55,4.12,0.932,49.98,888.5
10:37:45,231.34,4.08,0.934,49.97,880.7
10:37:46,231.63,4.15,0.933,49.97,897.8
10:37:47,231.37,4.15,0.934,49.97,895.5
10:37:48,231.30,4.20,0.932,49.95,904.3
10:37:49,231.30,4.18,0.935,49.95,903.2
10:37:50,228.43,9.74,0.716,49.96,1593.7
10:37:51,227.95,9.98,0.705,49.97,1603.8
10:37:52,228.04,9.76,0.712,49.96,1585.1
10:37:53,228.10,9.96,0.722,49.96,1640.5
10:37:54,228.19,9.87,0.720,49.95,1622.6
10:37:55,227.59,9.82,0.732,49.95,1634.7
10:37:56,227.56,9.89,0.735,49.95,1653.1
10:37:57,228.09,9.88,0.732,49.94,1647.8
10:37:58,227.62,9.82,0.723,49.97,1615.0
10:37:59,227.78,9.93,0.721,49.97,1630.2
10:38:00,227.83,9.81,0.717,49.95,1601.9
10:38:01,227.47,10.00,0.720,49.94,1636.7
10:38:02,227.74,9.64,0.710,49.97,1557.6
10:38:03,228.01,9.94,0.714,49.96,1617.7
10:38:04,228.13,9.65,0.714,49.94,1571.1
10:38:05,227.39,10.00,0.726,49.96,1649.8
10:38:06,227.47,9.81,0.734,49.96,1637.2
10:38:07,227.51,9.85,0.733,49.95,1643.0
10:38:08,227.89,9.76,0.709,49.96,1576.9
10:38:09,227.49,9.61,0.731,49.95,1597.5
10:38:10,229.06,6.39,0.845,49.96,1236.5
10:38:11,229.09,6.42,0.836,49.94,1230.1
10:38:12,228.88,6.32,0.844,49.94,1220.5
10:38:13,229.14,6.32,0.846,49.96,1225.0
10:38:14,228.86,6.41,0.837,49.95,1228.8
10:38:15,229.43,6.33,0.844,49.95,1226.2
10:38:16,229.09,6.38,0.845,49.94,1234.8
10:38:17,229.00,6.35,0.839,49.96,1221.3
10:38:18,229.22,6.34,0.846,49.96,1229.5
10:38:19,228.85,6.27,0.841,49.94,1206.8
10:38:20,228.67,6.32,0.844,49.95,1219.3
10:38:21,229.04,6.40,0.843,49.94,1236.7
10:38:22,229.14,6.44,0.840,49.95,1240.0
10:38:23,229.20,6.29,0.848,49.96,1223.5
10:38:24,228.83,6.37,0.838,49.93,1222.0
10:38:25,228.87,6.39,0.842,49.94,1231.8
10:38:26,228.60,6.31,0.844,49.96,1217.6
10:38:27,229.13,6.35,0.848,49.95,1233.2
10:38:28,229.21,6.31,0.851,49.95,1231.0
10:38:29,228.90,6.41,0.849,49.93,1246.9
10:38:30,228.66,6.45,0.840,49.96,1238.8
10:38:31,228.72,6.29,0.843,49.94,1212.7
10:38:32,229.15,6.39,0.844,49.93,1235.0
10:38:33,229.15,6.32,0.847,49.94,1226.3
10:38:34,229.06,6.45,0.852,49.94,1258.0
10:38:35,228.68,6.46,0.850,49.94,1254.4
10:38:36,228.87,6.37,0.853,49.94,1243.4
10:38:37,229.14,6.36,0.849,49.93,1238.3
10:38:38,229.03,6.33,0.850,49.95,1231.2
10:38:39,228.55,6.42,0.855,49.96,1253.6
10:38:40,228.59,6.30,0.850,49.94,1224.1
10:38:41,228.77,6.46,0.854,49.96,1262.7
10:38:42,229.23,6.33,0.846,49.94,1227.5
10:38:43,228.57,6.28,0.854,49.93,1225.3
10:38:44,228.77,6.29,0.845,49.94,1216.6
10:38:45,229.26,6.34,0.846,49.94,1228.9
10:38:46,228.89,6.39,0.851,49.94,1244.1
10:38:47,228.89,6.37,0.846,49.94,1233.5
10:38:48,229.12,6.37,0.849,49.94,1238.4
10:38:49,229.14,6.36,0.858,49.94,1250.8
10:38:50,229.16,6.47,0.857,49.93,1270.8
10:38:51,229.17,6.32,0.859,49.94,1243.2
10:38:52,229.15,6.32,0.849,49.94,1229.6
10:38:53,229.11,6.46,0.854,49.93,1263.2
10:38:54,228.97,6.33,0.846,49.95,1225.3
10:38:55,229.28,6.41,0.860,49.95,1262.8
10:38:56,228.86,6.50,0.853,49.93,1268.9
10:38:57,228.94,6.49,0.859,49.95,1275.5
10:38:58,228.90,6.41,0.854,49.95,1253.1
10:38:59,228.59,6.37,0.857,49.95,1248.5
10:39:00,228.83,6.46,0.856,49.94,1265.6
10:39:01,228.95,6.37,0.857,49.94,1248.4
10:39:02,228.86,6.34,0.852,49.95,1235.5
10:39:03,228.83,6.43,0.860,49.94,1265.3
10:39:04,229.08,6.38,0.861,49.93,1258.1
10:39:05,228.79,6.48,0.856,49.94,1269.2
10:39:06,228.70,6.49,0.855,49.93,1268.2
10:39:07,229.09,6.44,0.856,49.95,1262.0
10:39:08,228.75,6.37,0.856,49.94,1246.7
10:39:09,229.45,6.46,0.858,49.95,1272.2
10:39:10,228.75,6.37,0.852,49.95,1241.8
10:39:11,228.82,6.45,0.860,49.95,1269.7
10:39:12,229.13,6.46,0.865,49.95,1280.7
10:39:13,228.76,6.49,0.864,49.95,1282.6
10:39:14,229.41,6.41,0.852,49.93,1253.7
10:39:15,229.38,6.49,0.859,49.95,1278.6
10:39:16,229.19,6.39,0.859,49.93,1258.8
10:39:17,229.56,6.48,0.865,49.94,1286.6
10:39:18,228.83,6.57,0.854,49.95,1284.0
10:39:19,229.35,6.49,0.854,49.94,1271.6
10:39:20,229.09,6.58,0.864,49.95,1302.0
10:39:21,229.36,6.42,0.861,49.94,1266.8
10:39:22,229.15,6.45,0.859,49.94,1268.7
10:39:23,229.63,6.53,0.857,49.94,1285.3
10:39:24,229.16,6.56,0.864,49.94,1298.8
10:39:25,228.97,6.57,0.861,49.95,1296.0
10:39:26,229.02,6.53,0.861,49.94,1287.2
10:39:27,229.07,6.47,0.861,49.94,1275.1
10:39:28,229.09,6.48,0.862,49.94,1280.2
10:39:29,229.04,6.60,0.860,49.95,1300.2
10:39:30,229.60,6.48,0.864,49.94,1286.6
10:39:31,229.51,6.49,0.863,49.94,1286.2
10:39:32,229.33,6.60,0.868,49.94,1314.3
10:39:33,229.39,6.57,0.861,49.93,1297.7
10:39:34,229.09,6.64,0.868,49.95,1319.9
10:39:35,229.72,6.52,0.862,49.95,1291.6
10:39:36,229.73,6.48,0.869,49.95,1292.6
10:39:37,229.44,6.66,0.865,49.93,1320.8
10:39:38,229.41,6.50,0.864,49.96,1288.2
10:39:39,229.64,6.55,0.872,49.93,1312.0
10:39:40,229.78,6.68,0.864,49.94,1326.9
10:39:41,229.20,6.52,0.867,49.95,1294.7
10:39:42,229.50,6.63,0.872,49.95,1327.3
10:39:43,229.75,6.59,0.864,49.96,1308.0
10:39:44,229.51,6.67,0.869,49.93,1329.8
10:39:45,229.71,6.62,0.860,49.95,1308.8
10:39:46,229.39,6.65,0.867,49.94,1322.2
10:39:47,229.82,6.73,0.865,49.95,1337.2
10:39:48,229.49,6.72,0.871,49.95,1342.6
10:39:49,229.64,6.61,0.867,49.95,1316.2
10:39:50,229.53,6.74,0.862,49.94,1334.8
10:39:51,229.55,6.74,0.865,49.96,1339.3
10:39:52,229.78,6.69,0.869,49.94,1335.2
10:39:53,229.28,6.58,0.867,49.96,1307.4
10:39:54,229.30,6.59,0.863,49.94,1303.6
10:39:55,229.55,6.70,0.871,49.94,1340.2
10:39:56,229.36,6.76,0.876,49.95,1358.8
10:39:57,229.86,6.75,0.877,49.96,1359.4
10:39:58,229.59,6.79,0.863,49.95,1345.7
10:39:59,229.41,6.67,0.873,49.96,1337.0
10:40:00,229.78,6.68,0.875,49.96,1344.1
10:40:01,229.09,6.70,0.868,49.96,1331.9
10:40:02,229.10,6.76,0.865,49.97,1338.9
10:40:03,229.31,6.68,0.865,49.94,1326.0
10:40:04,229.68,6.74,0.869,49.94,1344.6
10:40:05,229.65,6.76,0.875,49.97,1359.1
10:40:06,229.39,6.76,0.869,49.96,1347.8
10:40:07,229.25,6.76,0.874,49.95,1354.3
10:40:08,229.86,6.83,0.873,49.97,1371.0
10:40:09,229.27,6.68,0.873,49.96,1337.7
10:40:10,229.10,6.79,0.875,49.97,1361.2
10:40:11,229.65,6.78,0.871,49.96,1355.5
10:40:12,229.67,6.88,0.881,49.96,1392.6
10:40:13,229.21,6.86,0.869,49.96,1367.0
10:40:14,229.68,6.80,0.869,49.95,1357.2
10:40:15,229.28,6.78,0.872,49.96,1355.7
10:40:16,229.05,6.83,0.875,49.96,1368.5
10:40:17,229.65,6.72,0.875,49.97,1350.6
10:40:18,229.59,6.75,0.870,49.97,1348.0
10:40:19,229.15,6.92,0.869,49.95,1378.8
10:40:20,229.38,6.93,0.882,49.95,1401.7
10:40:21,229.67,6.78,0.879,49.96,1368.4
10:40:22,229.28,6.93,0.883,49.97,1403.5
10:40:23,228.93,6.81,0.875,49.97,1363.8
10:40:24,229.58,6.88,0.874,49.97,1380.5
10:40:25,228.92,6.95,0.871,49.96,1386.5
10:40:26,229.57,6.83,0.872,49.95,1365.6
10:40:27,229.32,6.79,0.877,49.98,1365.9
10:40:28,229.54,6.90,0.882,49.97,1397.0
10:40:29,229.56,6.98,0.871,49.95,1394.9
10:40:30,229.23,6.97,0.882,49.96,1410.0
10:40:31,229.25,6.97,0.883,49.98,1411.9
10:40:32,229.52,6.86,0.874,49.96,1375.7
10:40:33,229.42,6.99,0.875,49.97,1403.4
10:40:34,228.73,6.88,0.871,49.97,1369.2
10:40:35,229.23,6.89,0.879,49.97,1388.2
10:40:36,229.41,7.03,0.883,49.96,1423.9
10:40:37,229.22,7.03,0.873,49.96,1406.5
10:40:38,228.63,6.90,0.881,49.97,1390.1
10:40:39,228.70,6.93,0.872,49.98,1381.9
10:40:40,229.03,6.94,0.880,49.96,1399.9
10:40:41,228.58,7.01,0.878,49.98,1407.4
10:40:42,229.17,7.02,0.882,49.98,1418.7
10:40:43,228.70,6.97,0.875,49.98,1394.3
10:40:44,228.58,6.89,0.881,49.96,1387.0
10:40:45,228.87,6.92,0.881,49.98,1395.1
10:40:46,228.86,7.05,0.873,49.97,1408.6
10:40:47,228.83,7.05,0.872,49.99,1405.6
10:40:48,228.44,7.00,0.873,49.96,1395.2
10:40:49,228.63,7.05,0.885,49.97,1426.9
10:40:50,228.64,7.10,0.883,49.97,1432.8
10:40:51,228.47,7.06,0.879,49.99,1416.7
10:40:52,228.50,7.08,0.879,49.99,1421.9
10:40:53,228.89,7.13,0.882,49.97,1439.5
10:40:54,228.25,7.05,0.887,49.98,1426.2
10:40:55,228.76,7.06,0.879,49.99,1421.1
10:40:56,228.59,7.08,0.876,49.98,1418.5
10:40:57,228.55,7.02,0.882,49.99,1415.3
10:40:58,227.97,6.99,0.881,49.98,1403.7
10:40:59,228.53,7.10,0.874,49.98,1418.9
10:41:00,228.50,7.00,0.880,49.99,1407.9
10:41:01,228.59,7.04,0.874,50.00,1406.1
10:41:02,228.53,7.06,0.878,49.99,1416.1
10:41:03,227.85,7.00,0.874,49.98,1393.9
10:41:04,228.21,7.20,0.876,49.98,1437.8
10:41:05,228.22,7.04,0.887,50.00,1423.7
10:41:06,228.28,7.15,0.876,49.98,1429.1
10:41:07,228.06,7.06,0.886,49.99,1427.4
10:41:08,227.91,7.18,0.878,50.00,1437.1
10:41:09,227.72,7.19,0.876,49.99,1434.1
10:41:10,227.82,7.05,0.883,50.00,1417.8
10:41:11,227.80,7.14,0.886,49.98,1440.7
10:41:12,227.88,7.13,0.884,49.99,1436.1
10:41:13,227.80,7.05,0.875,49.99,1405.1
10:41:14,227.53,7.06,0.883,49.99,1417.8
10:41:15,227.86,7.23,0.877,50.00,1443.4
10:41:16,227.28,7.19,0.874,50.00,1428.0
10:41:17,227.97,7.23,0.879,50.00,1449.2
10:41:18,227.62,7.23,0.881,50.01,1449.2
10:41:19,227.44,7.23,0.879,49.99,1446.0
10:41:20,227.52,7.10,0.881,50.00,1421.8
10:41:21,227.36,7.12,0.884,49.99,1430.5
10:41:22,227.68,7.24,0.882,49.99,1453.7
10:41:23,227.23,7.27,0.881,49.98,1455.6
10:41:24,227.44,7.11,0.885,49.99,1430.5
10:41:25,227.50,7.16,0.876,49.99,1426.5
10:41:26,227.03,7.17,0.887,49.99,1442.5
10:41:27,227.30,7.19,0.880,50.00,1439.2
10:41:28,226.95,7.25,0.879,50.01,1444.8
10:41:29,226.81,7.29,0.873,50.00,1442.3
10:41:30,227.10,7.29,0.872,49.99,1443.4
10:41:31,226.74,7.27,0.876,49.99,1443.8
10:41:32,227.21,7.25,0.875,50.00,1441.0
10:41:33,227.37,7.21,0.880,49.99,1440.9
10:41:34,226.94,7.24,0.875,50.01,1438.7
10:41:35,226.99,7.16,0.874,50.02,1421.1
10:41:36,226.90,7.28,0.875,50.02,1445.9
10:41:37,226.73,7.21,0.881,50.00,1441.5
10:41:38,227.07,7.17,0.872,50.01,1419.7
10:41:39,226.49,7.29,0.885,50.01,1461.0
10:41:40,226.82,7.18,0.882,50.00,1435.4
10:41:41,227.01,7.32,0.874,50.00,1451.8
10:41:42,226.97,7.26,0.876,50.01,1443.3
10:41:43,226.62,7.18,0.878,50.02,1428.5
10:41:44,226.61,7.25,0.871,50.00,1430.5
10:41:45,226.44,7.18,0.880,50.01,1430.0
10:41:46,226.85,7.28,0.876,50.02,1447.1
10:41:47,226.56,7.25,0.879,50.01,1442.8
10:41:48,226.27,7.35,0.870,50.03,1447.4
10:41:49,226.11,7.20,0.876,50.01,1426.3
10:41:50,226.62,7.30,0.883,50.00,1461.1
10:41:51,226.14,7.22,0.873,50.02,1424.7
10:41:52,225.93,7.23,0.880,50.03,1438.1
10:41:53,226.09,7.36,0.870,50.01,1447.7
10:41:54,226.17,7.24,0.873,50.01,1429.7
10:41:55,225.93,7.33,0.874,50.03,1446.6
10:41:56,225.87,7.35,0.873,50.01,1449.0
10:41:57,226.31,7.26,0.873,50.01,1434.6
10:41:58,226.02,7.29,0.877,50.04,1444.9
10:41:59,225.95,7.30,0.880,50.01,1451.0
10:42:00,225.71,7.31,0.872,50.01,1438.4
10:42:01,226.35,7.25,0.873,50.03,1432.5
10:42:02,225.97,7.33,0.878,50.02,1453.8
10:42:03,225.98,7.23,0.869,50.01,1418.7
10:42:04,225.96,7.27,0.876,50.03,1438.0
10:42:05,226.13,7.31,0.868,50.04,1434.9
10:42:06,225.79,7.33,0.870,50.01,1440.7
10:42:07,225.86,7.26,0.868,50.01,1423.6
10:42:08,226.12,7.24,0.869,50.01,1422.8
10:42:09,225.64,7.29,0.867,50.03,1425.5
10:42:10,225.87,7.41,0.871,50.04,1457.4
10:42:11,225.78,7.33,0.879,50.03,1455.6
10:42:12,225.65,7.28,0.873,50.04,1433.2
10:42:13,225.47,7.39,0.877,50.04,1461.9
10:42:14,225.53,7.27,0.873,50.03,1432.0
10:42:15,225.36,7.34,0.877,50.02,1451.3
10:42:16,225.76,7.28,0.877,50.02,1442.5
10:42:17,225.62,7.37,0.865,50.02,1438.8
10:42:18,226.04,7.25,0.871,50.04,1427.1
10:42:19,225.63,7.27,0.871,50.04,1429.1
10:42:20,225.23,7.26,0.866,50.04,1416.2
10:42:21,225.21,7.32,0.878,50.04,1446.1
10:42:22,225.78,7.34,0.872,50.02,1446.3
10:42:23,225.38,7.32,0.870,50.03,1435.0
10:42:24,225.86,7.38,0.877,50.03,1460.9
10:42:25,225.91,7.33,0.877,50.03,1451.4
10:42:26,225.56,7.42,0.865,50.02,1447.3
10:42:27,225.23,7.41,0.875,50.03,1460.0
10:42:28,225.67,7.31,0.867,50.03,1429.6
10:42:29,225.44,7.33,0.875,50.04,1447.0
10:42:30,225.27,7.27,0.866,50.04,1417.6
10:42:31,225.33,7.42,0.874,50.04,1461.4
10:42:32,225.89,7.44,0.871,50.04,1464.6
10:42:33,225.27,7.44,0.865,50.05,1449.0
10:42:34,225.45,7.38,0.873,50.04,1453.8
10:42:35,225.43,7.39,0.867,50.04,1445.2
10:42:36,225.19,7.36,0.869,50.05,1441.3
10:42:37,225.40,7.44,0.865,50.05,1450.9
10:42:38,225.78,7.28,0.871,50.04,1431.7
10:42:39,225.60,7.42,0.870,50.05,1455.7
10:42:40,225.35,7.37,0.865,50.05,1437.1
10:42:41,225.58,7.41,0.864,50.05,1445.1
10:42:42,225.83,7.43,0.869,50.05,1457.2
10:42:43,225.41,7.35,0.860,50.03,1423.3
10:42:44,225.59,7.40,0.858,50.06,1433.7
10:42:45,225.11,7.38,0.862,50.06,1432.1
10:42:46,225.59,7.34,0.861,50.03,1424.8
10:42:47,225.50,7.35,0.867,50.05,1436.9
10:42:48,225.22,7.31,0.868,50.06,1430.4
10:42:49,225.76,7.28,0.866,50.06,1422.1
10:42:50,225.21,7.29,0.861,50.05,1414.2
10:42:51,225.52,7.30,0.863,50.04,1421.0
10:42:52,225.32,7.39,0.856,50.05,1426.0
10:42:53,225.25,7.24,0.866,50.05,1413.4
10:42:54,225.58,7.36,0.866,50.04,1439.0
10:42:55,225.43,7.29,0.859,50.04,1412.1
10:42:56,225.88,7.25,0.861,50.06,1408.5
10:42:57,225.52,7.35,0.859,50.04,1423.9
10:42:58,225.93,7.39,0.860,50.04,1436.5
10:42:59,225.46,7.23,0.856,50.05,1395.2
10:43:00,225.26,7.25,0.862,50.07,1407.2
10:43:01,225.29,7.30,0.867,50.04,1425.8
10:43:02,225.39,7.28,0.852,50.04,1398.7
10:43:03,225.91,7.37,0.861,50.06,1433.8
10:43:04,225.94,7.32,0.863,50.06,1427.4
10:43:05,225.95,7.21,0.855,50.05,1393.6
10:43:06,225.37,7.23,0.855,50.07,1393.9
10:43:07,225.48,7.26,0.862,50.04,1411.7
10:43:08,226.10,7.35,0.858,50.04,1425.1
10:43:09,225.44,7.19,0.862,50.06,1396.6
10:43:10,225.66,7.19,0.857,50.06,1390.9
10:43:11,225.66,7.20,0.864,50.07,1404.8
10:43:12,225.58,7.25,0.855,50.06,1398.4
10:43:13,226.15,7.20,0.859,50.07,1399.9
10:43:14,226.10,7.34,0.851,50.06,1412.1
10:43:15,225.62,7.35,0.860,50.06,1426.3
10:43:16,226.29,7.25,0.855,50.06,1402.3
10:43:17,226.02,7.34,0.856,50.05,1419.4
10:43:18,226.00,7.33,0.851,50.07,1408.4
10:43:19,226.12,7.17,0.852,50.06,1381.2
10:43:20,225.69,7.27,0.855,50.04,1403.5
10:43:21,225.95,7.30,0.858,50.07,1416.7
10:43:22,226.24,7.29,0.851,50.05,1402.4
10:43:23,225.72,7.25,0.851,50.06,1393.0
10:43:24,225.95,7.24,0.859,50.05,1405.3
10:43:25,226.41,7.18,0.851,50.05,1383.5
10:43:26,226.49,7.16,0.849,50.06,1376.9
10:43:27,225.93,7.15,0.850,50.07,1373.2
10:43:28,226.25,7.26,0.848,50.07,1391.9
10:43:29,226.46,7.15,0.859,50.06,1389.8
10:43:30,225.89,7.28,0.851,50.05,1401.0
10:43:31,226.10,7.15,0.853,50.07,1379.2
10:43:32,226.67,7.27,0.846,50.06,1394.3
10:43:33,226.41,7.21,0.854,50.05,1393.7
10:43:34,226.35,7.14,0.852,50.06,1375.9
10:43:35,226.23,7.26,0.850,50.05,1396.2
10:43:36,226.61,7.19,0.852,50.06,1387.0
10:43:37,226.36,7.26,0.846,50.06,1390.8
10:43:38,226.39,7.14,0.854,50.07,1379.1
10:43:39,226.88,7.12,0.847,50.05,1367.6
10:43:40,226.87,7.13,0.855,50.05,1382.7
10:43:41,226.56,7.07,0.846,50.06,1355.7
10:43:42,226.50,7.11,0.844,50.07,1359.1
10:43:43,226.97,7.19,0.845,50.06,1379.0
10:43:44,226.55,7.11,0.842,50.05,1357.2
10:43:45,226.88,7.08,0.852,50.07,1367.1
10:43:46,226.89,7.22,0.841,50.05,1376.4
10:43:47,227.10,7.11,0.850,50.06,1372.1
10:43:48,226.63,7.16,0.840,50.06,1364.2
10:43:49,226.58,7.14,0.848,50.07,1372.5
10:43:50,227.11,7.18,0.843,50.05,1374.7
10:43:51,226.56,7.10,0.844,50.06,1358.7
10:43:52,226.84,7.19,0.852,50.05,1389.0
10:43:53,226.89,7.00,0.851,50.05,1352.2
10:43:54,226.51,7.18,0.851,50.07,1383.8
10:43:55,226.68,7.10,0.845,50.05,1359.0
10:43:56,227.33,7.05,0.848,50.05,1358.4
10:43:57,227.08,7.17,0.838,50.05,1364.8
10:43:58,226.87,7.10,0.841,50.07,1354.5
10:43:59,227.39,7.02,0.845,50.06,1349.1
10:44:00,227.03,6.98,0.843,50.07,1335.0
10:44:01,227.24,6.96,0.843,50.07,1332.1
10:44:02,227.42,7.03,0.851,50.05,1360.3
10:44:03,227.08,7.14,0.838,50.06,1357.5
10:44:04,227.19,7.05,0.851,50.05,1363.9
10:44:05,226.88,7.07,0.846,50.06,1357.1
10:44:06,227.45,7.01,0.839,50.07,1338.1
10:44:07,227.19,6.95,0.851,50.07,1342.2
10:44:08,227.55,7.07,0.843,50.05,1356.2
10:44:09,226.93,7.07,0.850,50.04,1363.4
10:44:10,227.17,7.02,0.842,50.06,1343.0
10:44:11,227.03,7.03,0.845,50.05,1348.6
10:44:12,227.19,7.00,0.838,50.06,1331.3
10:44:13,227.30,6.93,0.841,50.06,1324.8
10:44:14,226.94,6.94,0.838,50.06,1319.2
10:44:15,227.58,7.00,0.842,50.04,1342.1
10:44:16,227.54,7.06,0.837,50.05,1345.1
10:44:17,227.37,7.04,0.835,50.07,1336.1
10:44:18,227.35,6.99,0.837,50.06,1329.0
10:44:19,227.18,7.04,0.840,50.06,1343.0
10:44:20,227.02,6.89,0.844,50.05,1319.8
10:44:21,227.20,6.89,0.841,50.05,1317.7
10:44:22,227.41,6.87,0.846,50.05,1322.1
10:44:23,227.77,6.88,0.840,50.05,1315.2
10:44:24,227.73,6.95,0.836,50.05,1321.9
10:44:25,227.72,6.93,0.836,50.04,1318.2
10:44:26,227.31,6.90,0.847,50.04,1328.5
10:44:27,227.24,6.85,0.836,50.05,1301.7
10:44:28,227.34,6.81,0.838,50.04,1296.9
10:44:29,227.83,6.91,0.844,50.04,1328.9
10:44:30,227.22,6.94,0.837,50.04,1318.9
10:44:31,227.23,6.80,0.842,50.06,1302.0
10:44:32,227.15,6.77,0.847,50.04,1302.5
10:44:33,227.91,6.86,0.835,50.06,1305.7
10:44:34,227.40,6.91,0.844,50.06,1326.7
10:44:35,227.26,6.87,0.846,50.05,1320.3
10:44:36,227.63,6.81,0.840,50.05,1301.0
10:44:37,227.26,6.92,0.839,50.05,1319.8
10:44:38,227.50,6.80,0.836,50.06,1293.4
10:44:39,227.25,6.74,0.843,50.04,1292.1
10:44:40,227.30,6.79,0.845,50.06,1303.6
10:44:41,227.20,6.77,0.833,50.04,1281.8
10:44:42,227.15,6.72,0.845,50.06,1290.6
10:44:43,227.31,6.85,0.846,50.04,1317.4
10:44:44,227.31,6.83,0.839,50.03,1302.3
10:44:45,227.20,6.73,0.839,50.05,1281.7
10:44:46,227.61,6.84,0.833,50.05,1297.4
10:44:47,227.44,6.82,0.836,50.05,1297.1
10:44:48,227.42,6.86,0.846,50.05,1319.9
10:44:49,227.15,6.72,0.833,50.03,1271.8
10:44:50,227.16,6.67,0.846,50.06,1281.6
10:44:51,227.36,6.76,0.834,50.05,1281.0
10:44:52,227.20,6.76,0.840,50.05,1291.1
10:44:53,227.56,6.73,0.833,50.04,1276.0
10:44:54,227.67,6.66,0.847,50.04,1283.8
10:44:55,227.57,6.79,0.835,50.06,1291.7
10:44:56,227.75,6.79,0.845,50.05,1306.7
10:44:57,227.69,6.75,0.833,50.03,1280.3
10:44:58,227.27,6.60,0.841,50.04,1261.7
10:44:59,227.20,6.65,0.841,50.03,1270.7
10:45:00,227.11,6.60,0.841,50.04,1261.2
10:45:01,227.63,6.77,0.834,50.05,1285.3
10:45:02,227.34,6.59,0.837,50.04,1254.7
10:45:03,227.40,6.66,0.834,50.05,1263.7
10:45:04,227.05,6.59,0.842,50.05,1260.9
10:45:05,227.01,6.70,0.834,50.04,1267.9
10:45:06,227.13,6.56,0.839,50.03,1248.8
10:45:07,227.21,6.57,0.835,50.04,1245.9
10:45:08,227.55,6.68,0.836,50.05,1272.1
10:45:09,227.72,6.68,0.847,50.04,1288.1
10:45:10,227.67,6.60,0.837,50.03,1257.7
10:45:11,227.68,6.68,0.837,50.03,1273.0
10:45:12,226.98,6.63,0.844,50.04,1270.0
10:45:13,227.21,6.59,0.837,50.04,1254.0
10:45:14,227.16,6.53,0.842,50.03,1248.6
10:45:15,227.15,6.59,0.834,50.03,1249.7
10:45:16,227.18,6.56,0.841,50.04,1251.9
10:45:17,227.08,6.65,0.839,50.03,1267.1
10:45:18,227.43,6.54,0.836,50.04,1243.1
10:45:19,227.23,6.62,0.837,50.02,1258.8
10:45:20,227.55,6.54,0.839,50.03,1248.6
10:45:21,226.79,6.55,0.842,50.02,1250.4
10:45:22,227.40,6.48,0.849,50.04,1250.8
10:45:23,227.04,6.46,0.843,50.03,1237.5
10:45:24,227.44,6.65,0.839,50.02,1270.2
10:45:25,227.16,6.52,0.846,50.02,1254.4
10:45:26,227.42,6.60,0.845,50.04,1269.0
10:45:27,226.70,6.64,0.849,50.02,1278.3
10:45:28,227.42,6.45,0.847,50.01,1242.8
10:45:29,227.05,6.47,0.847,50.02,1245.0
10:45:30,226.70,6.57,0.847,50.01,1262.3
10:45:31,227.29,6.60,0.849,50.02,1274.2
10:45:32,226.87,6.51,0.844,50.03,1246.4
10:45:33,227.25,6.53,0.851,50.04,1262.6
10:45:34,226.80,6.58,0.844,50.02,1260.4
10:45:35,227.20,6.49,0.844,50.01,1244.6
10:45:36,226.85,6.59,0.851,50.03,1271.6
10:45:37,227.30,6.44,0.848,50.03,1241.4
10:45:38,227.27,6.58,0.843,50.02,1260.1
10:45:39,226.53,6.46,0.839,50.02,1227.5
10:45:40,227.12,6.41,0.850,50.03,1238.3
10:45:41,226.59,6.48,0.848,50.01,1244.9
10:45:42,226.88,6.50,0.852,50.03,1257.5
10:45:43,226.98,6.49,0.840,50.01,1237.3
10:45:44,227.03,6.56,0.851,50.03,1267.2
10:45:45,226.72,6.39,0.849,50.01,1229.7
10:45:46,226.57,6.44,0.852,50.01,1243.2
10:45:47,226.51,6.45,0.839,50.00,1227.3
10:45:48,226.42,6.37,0.847,50.01,1222.9
10:45:49,226.89,6.44,0.842,50.02,1229.7
10:45:50,226.86,6.39,0.852,50.02,1234.3
10:45:51,226.48,6.53,0.846,50.02,1250.2
10:45:52,226.58,6.43,0.841,50.00,1225.0
10:45:53,226.74,6.42,0.843,50.01,1227.5
10:45:54,226.49,6.53,0.844,50.00,1247.9
10:45:55,226.85,6.51,0.841,50.02,1242.5
10:45:56,226.54,6.38,0.844,50.00,1220.4
10:45:57,226.52,6.42,0.851,50.02,1236.7
10:45:58,226.62,6.35,0.845,49.99,1214.9
10:45:59,226.29,6.36,0.853,50.00,1227.2
10:46:00,226.59,6.36,0.849,50.00,1223.0
10:46:01,226.78,6.46,0.854,50.01,1251.5
10:46:02,226.93,6.48,0.855,49.99,1258.6
10:46:03,226.19,6.35,0.851,50.00,1223.6
10:46:04,226.42,6.45,0.858,50.00,1253.2
10:46:05,226.18,6.39,0.852,49.99,1232.3
10:46:06,226.47,6.43,0.844,49.99,1228.2
10:46:07,226.71,6.36,0.846,49.99,1219.0
10:46:08,226.52,6.48,0.854,50.01,1253.7
10:46:09,226.51,6.39,0.858,50.00,1242.6
10:46:10,228.29,4.77,0.960,49.99,1044.5
10:46:11,227.96,4.68,0.959,49.99,1022.3
10:46:12,227.91,4.74,0.954,50.00,1031.1
10:46:13,228.09,4.81,0.956,50.00,1048.5
10:46:14,228.15,4.73,0.953,49.98,1028.6
10:46:15,228.07,4.73,0.959,49.99,1034.4
10:46:16,228.65,4.82,0.951,49.99,1048.3
10:46:17,228.41,4.80,0.958,49.99,1051.7
10:46:18,228.41,4.78,0.958,49.99,1046.8
10:46:19,228.58,4.79,0.952,50.00,1042.9
10:46:20,228.54,4.70,0.953,50.00,1022.9
10:46:21,228.02,4.81,0.952,50.00,1045.0
10:46:22,228.54,4.70,0.950,49.98,1021.5
10:46:23,228.40,4.78,0.954,49.98,1042.2
10:46:24,227.88,4.79,0.959,50.00,1046.2
10:46:25,228.21,4.72,0.959,50.00,1031.4
10:46:26,228.00,4.79,0.954,50.00,1042.5
10:46:27,228.60,4.74,0.956,49.99,1035.2
10:46:28,228.14,4.76,0.956,49.97,1038.2
10:46:29,228.22,4.69,0.948,49.97,1015.3
10:46:30,228.30,4.70,0.950,50.00,1020.2
10:46:31,228.29,4.79,0.956,49.97,1045.3
10:46:32,228.48,4.68,0.952,49.97,1019.0
10:46:33,228.56,4.73,0.949,49.97,1026.1
10:46:34,228.13,4.72,0.953,49.97,1025.3
10:46:35,228.11,4.64,0.950,50.00,1005.4
10:46:36,228.10,4.74,0.956,49.97,1033.0
10:46:37,228.24,4.78,0.952,49.99,1038.2
10:46:38,228.79,4.75,0.950,49.98,1032.7
10:46:39,228.27,4.67,0.952,49.98,1015.2
10:46:40,228.42,4.72,0.952,49.99,1027.2
10:46:41,228.65,4.65,0.953,49.98,1013.1
10:46:42,228.77,4.67,0.951,49.99,1015.5
10:46:43,228.54,4.64,0.952,49.99,1010.8
10:46:44,228.59,4.67,0.955,49.97,1020.0
10:46:45,228.51,4.64,0.951,49.97,1008.3
10:46:46,228.24,4.62,0.953,49.96,1005.2
10:46:47,228.57,4.71,0.949,49.98,1020.6
10:46:48,228.40,4.63,0.951,49.98,1006.5
10:46:49,228.50,4.60,0.951,49.96,1000.2
10:46:50,228.75,4.69,0.950,49.96,1020.0
10:46:51,229.03,4.64,0.952,49.98,1011.4
10:46:52,228.80,4.67,0.951,49.97,1017.4
10:46:53,228.55,4.59,0.949,49.96,994.4
10:46:54,228.54,4.62,0.950,49.96,1002.7
10:46:55,228.43,4.63,0.945,49.97,1000.2
10:46:56,228.73,4.68,0.944,49.97,1010.4
10:46:57,228.73,4.62,0.946,49.96,1000.0
10:46:58,229.05,4.58,0.951,49.96,996.7
10:46:59,228.80,4.61,0.953,49.98,1004.3
10:47:00,228.59,4.55,0.948,49.95,985.0
10:47:01,228.64,4.59,0.946,49.98,992.8
10:47:02,228.95,4.67,0.946,49.96,1011.2
10:47:03,229.02,4.55,0.951,49.96,990.7
10:47:04,228.97,4.65,0.946,49.96,1007.4
10:47:05,228.79,4.61,0.948,49.97,999.8
10:47:06,229.45,4.62,0.945,49.98,1001.3
10:47:07,229.42,4.53,0.952,49.96,989.8
10:47:08,229.21,4.62,0.946,49.98,1001.1
10:47:09,229.00,4.63,0.944,49.96,1001.4
10:47:10,229.03,4.56,0.949,49.96,990.6
10:47:11,229.22,4.49,0.941,49.95,968.8
10:47:12,229.04,4.49,0.944,49.96,971.1
10:47:13,229.52,4.59,0.950,49.95,1001.2
10:47:14,229.08,4.47,0.948,49.95,970.5
10:47:15,229.12,4.51,0.942,49.95,972.8
10:47:16,229.22,4.54,0.947,49.97,985.4
10:47:17,229.22,4.47,0.940,49.97,963.6
10:47:18,229.53,4.55,0.946,49.95,987.7
10:47:19,229.73,4.52,0.946,49.96,982.1
10:47:20,229.42,4.43,0.943,49.96,958.8
10:47:21,229.74,4.56,0.941,49.95,986.0
10:47:22,229.26,4.46,0.949,49.95,970.4
10:47:23,229.50,4.43,0.944,49.95,959.8
10:47:24,229.50,4.49,0.941,49.96,969.7
10:47:25,229.57,4.46,0.939,49.94,961.9
10:47:26,229.82,4.51,0.938,49.96,971.7
10:47:27,229.71,4.39,0.948,49.95,955.8
10:47:28,230.23,4.39,0.946,49.96,956.0
10:47:29,230.14,4.47,0.939,49.96,966.1
10:47:30,230.17,4.37,0.943,49.94,948.6
10:47:31,230.05,4.42,0.942,49.95,958.2
10:47:32,230.03,4.44,0.941,49.95,960.7
10:47:33,230.11,4.37,0.946,49.95,952.0
10:47:34,230.05,4.42,0.939,49.96,956.1
10:47:35,230.46,4.38,0.945,49.95,953.4
10:47:36,230.18,4.38,0.939,49.96,946.9
10:47:37,230.09,4.39,0.939,49.96,949.0
10:47:38,230.57,4.31,0.940,49.95,935.5
10:47:39,230.15,4.40,0.942,49.94,954.4
10:47:40,230.22,4.34,0.942,49.94,941.8
10:47:41,230.14,4.37,0.935,49.94,940.2
10:47:42,230.72,4.31,0.939,49.95,933.3
10:47:43,230.47,4.39,0.945,49.95,956.4
10:47:44,230.89,4.29,0.938,49.94,929.8
10:47:45,230.55,4.34,0.937,49.95,938.2
10:47:46,230.41,4.33,0.941,49.94,938.7
10:47:47,230.77,4.32,0.934,49.96,932.3
10:47:48,230.48,4.31,0.939,49.94,932.8
10:47:49,231.12,4.35,0.938,49.95,942.3
10:47:50,230.70,4.29,0.939,49.94,930.4
10:47:51,230.54,4.31,0.942,49.95,936.0
10:47:52,231.01,4.31,0.937,49.95,933.0
10:47:53,230.56,4.28,0.940,49.96,928.3
10:47:54,230.62,4.29,0.939,49.95,930.0
10:47:55,231.15,4.27,0.940,49.94,927.2
10:47:56,230.84,4.27,0.942,49.94,928.0
10:47:57,231.28,4.31,0.938,49.96,935.7
10:47:58,231.03,4.22,0.935,49.94,910.8
10:47:59,231.09,4.20,0.939,49.94,911.1
10:48:00,230.86,4.22,0.932,49.93,907.6
10:48:01,230.90,4.19,0.940,49.94,908.7
10:48:02,230.98,4.21,0.933,49.96,907.3
10:48:03,231.55,4.22,0.931,49.94,909.8
10:48:04,231.68,4.22,0.934,49.94,913.4
10:48:05,231.68,4.17,0.934,49.94,901.9
10:48:06,231.23,4.24,0.931,49.95,913.0
10:48:07,231.31,4.12,0.936,49.94,893.1
10:48:08,231.57,4.21,0.940,49.93,916.0
10:48:09,231.68,4.17,0.935,49.93,902.6
10:48:10,231.25,4.15,0.931,49.95,894.2
10:48:11,232.05,4.17,0.937,49.93,907.0
10:48:12,232.04,4.12,0.938,49.95,896.8
10:48:13,231.44,4.17,0.931,49.95,899.3
10:48:14,231.43,4.09,0.932,49.96,883.5
10:48:15,231.42,4.08,0.938,49.94,886.2
10:48:16,231.83,4.13,0.938,49.95,898.8
10:48:17,232.19,4.09,0.931,49.93,883.7
10:48:18,231.53,4.18,0.932,49.95,901.4
10:48:19,231.55,4.05,0.933,49.93,874.1
10:48:20,231.78,4.08,0.929,49.93,878.5
10:48:21,232.01,4.18,0.935,49.93,906.2
10:48:22,231.69,4.15,0.929,49.95,894.0
10:48:23,231.70,4.13,0.932,49.95,891.1
10:48:24,232.03,4.09,0.927,49.95,881.2
10:48:25,232.41,4.08,0.932,49.95,884.9
10:48:26,232.11,4.07,0.933,49.95,880.9
10:48:27,232.19,4.11,0.929,49.93,886.6
10:48:28,232.20,4.11,0.933,49.94,891.6
10:48:29,232.30,4.14,0.931,49.94,895.5
10:48:30,232.24,4.10,0.933,49.93,888.9
10:48:31,232.42,4.04,0.930,49.94,874.0
10:48:32,232.22,4.10,0.927,49.94,883.3
10:48:33,232.18,3.98,0.928,49.95,858.4
10:48:34,232.02,4.03,0.927,49.95,866.1
10:48:35,232.40,4.05,0.931,49.95,877.2
10:48:36,232.04,4.01,0.926,49.95,862.1
10:48:37,232.19,4.03,0.932,49.93,871.4
10:48:38,232.73,4.04,0.928,49.93,871.7
10:48:39,232.17,3.99,0.934,49.94,864.6
10:48:40,232.55,3.99,0.929,49.93,862.3
10:48:41,232.18,3.96,0.928,49.93,854.0
10:48:42,232.15,4.06,0.930,49.93,875.9
10:48:43,232.77,4.08,0.926,49.95,879.8
10:48:44,232.73,3.94,0.931,49.95,853.1
10:48:45,232.83,3.97,0.932,49.94,860.6
10:48:46,232.68,3.96,0.927,49.94,854.3
10:48:47,232.66,3.93,0.928,49.93,849.2
10:48:48,232.92,3.94,0.929,49.94,851.5
10:48:49,232.43,4.02,0.927,49.93,865.7
10:48:50,232.74,3.92,0.928,49.96,846.6
10:48:51,232.46,3.99,0.930,49.94,861.8
10:48:52,232.65,3.99,0.924,49.93,857.8
10:48:53,232.71,3.99,0.927,49.94,860.9
10:48:54,232.42,3.91,0.923,49.95,838.2
10:48:55,232.30,4.00,0.932,49.93,864.9
10:48:56,232.46,3.94,0.923,49.93,844.5
10:48:57,232.95,3.91,0.929,49.93,846.7
10:48:58,232.37,4.01,0.930,49.93,866.3
10:48:59,232.44,3.92,0.924,49.95,843.2
10:49:00,232.92,4.00,0.928,49.93,865.5
10:49:01,232.32,4.02,0.926,49.94,865.6
10:49:02,232.93,4.02,0.927,49.96,867.1
10:49:03,232.73,3.96,0.923,49.95,851.0
10:49:04,232.92,3.97,0.926,49.95,857.0
10:49:05,232.44,3.93,0.921,49.95,842.6
10:49:06,233.05,4.00,0.926,49.93,863.0
10:49:07,232.47,3.96,0.930,49.95,856.4
10:49:08,232.37,3.94,0.924,49.95,845.8
10:49:09,232.99,3.99,0.925,49.95,859.4
10:49:10,232.87,3.97,0.921,49.94,850.8
10:49:11,232.70,3.88,0.926,49.94,835.5
10:49:12,232.73,3.89,0.927,49.93,838.2
10:49:13,232.52,3.88,0.926,49.95,835.3
10:49:14,232.78,3.97,0.928,49.96,858.2
10:49:15,232.66,3.99,0.920,49.94,855.3
10:49:16,233.01,4.01,0.928,49.96,866.9
10:49:17,232.65,3.88,0.923,49.94,832.2
10:49:18,232.76,3.88,0.928,49.96,838.3
10:49:19,232.95,3.90,0.919,49.95,835.1
10:49:20,232.43,3.91,0.928,49.94,844.3
10:49:21,232.36,3.97,0.927,49.95,854.7
10:49:22,232.97,4.02,0.923,49.96,863.9
10:49:23,232.44,3.96,0.927,49.96,853.8
10:49:24,232.29,3.99,0.921,49.95,852.8
10:49:25,232.30,3.89,0.927,49.96,837.0
10:49:26,232.32,3.93,0.919,49.95,839.3
10:49:27,232.48,3.92,0.927,49.96,845.6
10:49:28,232.40,3.91,0.925,49.95,839.8
10:49:29,232.62,3.92,0.927,49.96,846.2
10:49:30,232.80,3.97,0.924,49.96,853.3
10:49:31,232.63,3.97,0.921,49.95,850.2
10:49:32,232.17,3.93,0.918,49.94,837.1
10:49:33,232.42,4.03,0.923,49.95,863.7
10:49:34,232.49,3.95,0.923,49.96,847.3
10:49:35,232.71,4.01,0.919,49.95,858.3
10:49:36,232.71,3.98,0.919,49.96,851.9
10:49:37,232.64,3.90,0.923,49.97,837.9
10:49:38,232.55,3.99,0.921,49.96,854.0
10:49:39,232.13,4.01,0.924,49.97,861.1
10:49:40,232.12,4.04,0.919,49.96,862.9
10:49:41,232.61,3.96,0.921,49.97,847.6
10:49:42,232.44,3.94,0.918,49.96,841.6
10:49:43,232.41,4.06,0.918,49.97,865.9
10:49:44,232.30,3.99,0.919,49.95,851.3
10:49:45,232.31,4.03,0.922,49.95,864.0
10:49:46,232.58,3.98,0.920,49.97,852.2
10:49:47,232.52,3.96,0.919,49.96,846.4
10:49:48,232.01,4.06,0.918,49.97,864.9
10:49:49,232.63,3.94,0.921,49.97,844.0
10:49:50,232.52,4.00,0.925,49.97,859.1
10:49:51,232.53,4.07,0.916,49.97,866.8
10:49:52,231.86,3.98,0.920,49.97,849.4
10:49:53,232.18,4.00,0.916,49.95,850.5
10:49:54,232.08,3.97,0.925,49.98,852.6
10:49:55,232.46,4.02,0.919,49.96,859.6
10:49:56,232.02,3.97,0.923,49.96,849.6
10:49:57,232.14,3.99,0.923,49.98,855.0
10:49:58,231.72,4.01,0.925,49.97,859.4
10:49:59,232.33,4.01,0.916,49.96,852.6
10:50:00,232.30,4.03,0.919,49.95,861.1
10:50:01,231.68,4.09,0.918,49.96,871.0
10:50:02,231.96,4.10,0.921,49.98,874.8
10:50:03,232.23,4.12,0.920,49.96,879.4
10:50:04,232.20,4.00,0.925,49.97,859.5
10:50:05,231.86,4.01,0.919,49.97,854.9
10:50:06,231.76,4.04,0.918,49.98,859.6
10:50:07,231.76,4.12,0.920,49.98,878.1
10:50:08,231.82,4.06,0.925,49.98,871.5
10:50:09,231.64,4.13,0.917,49.97,876.6
10:50:10,231.59,4.14,0.919,49.98,881.1
10:50:11,231.82,4.03,0.924,49.98,864.0
10:50:12,231.54,4.14,0.924,49.98,884.9
10:50:13,232.16,4.12,0.924,49.97,884.8
10:50:14,232.24,4.09,0.923,49.98,875.9
10:50:15,232.04,4.11,0.917,49.97,874.0
10:50:16,231.60,4.07,0.918,49.99,865.4
10:50:17,231.67,4.19,0.918,49.97,890.8
10:50:18,231.52,4.17,0.917,49.97,885.7
10:50:19,231.68,4.10,0.922,49.98,875.8
10:50:20,231.93,4.14,0.916,49.98,879.9
10:50:21,231.81,4.17,0.920,50.00,889.2
10:50:22,232.01,4.09,0.919,49.98,873.3
10:50:23,232.15,4.11,0.921,49.99,879.2
10:50:24,231.60,4.19,0.923,49.99,895.4
10:50:25,232.03,4.12,0.920,49.99,878.1
10:50:26,231.88,4.20,0.921,50.00,896.5
10:50:27,231.45,4.13,0.921,49.99,881.5
10:50:28,231.60,4.22,0.922,49.99,901.6
10:50:29,232.11,4.24,0.919,49.97,903.4
10:50:30,231.83,4.17,0.922,49.98,890.6
10:50:31,231.94,4.22,0.921,49.98,901.5
10:50:32,231.48,4.25,0.918,49.98,903.5
10:50:33,232.07,4.18,0.924,49.98,896.6
10:50:34,231.81,4.25,0.920,50.00,906.6
10:50:35,231.68,4.21,0.923,49.98,900.8
10:50:36,232.04,4.25,0.918,50.00,904.7
10:50:37,231.83,4.28,0.917,49.99,909.1
10:50:38,231.42,4.22,0.919,50.00,896.1
10:50:39,231.28,4.22,0.918,50.00,896.6
10:50:40,231.75,4.26,0.918,50.01,905.3
10:50:41,231.33,4.22,0.918,50.00,897.0
10:50:42,231.81,4.23,0.917,49.99,900.1
10:50:43,231.83,4.32,0.924,50.00,926.0
10:50:44,231.80,4.27,0.920,50.01,911.8
10:50:45,232.04,4.38,0.921,50.00,935.8
10:50:46,231.42,4.34,0.919,49.99,921.8
10:50:47,231.50,4.27,0.919,50.00,908.1
10:50:48,231.35,4.33,0.924,49.99,925.3
10:50:49,231.90,4.27,0.917,50.00,907.3
10:50:50,231.59,4.41,0.925,50.01,945.2
10:50:51,231.38,4.33,0.920,49.99,923.1
10:50:52,232.03,4.38,0.917,50.01,931.8
10:50:53,231.70,4.42,0.917,49.99,939.1
10:50:54,231.40,4.31,0.917,50.00,914.7
10:50:55,231.51,4.41,0.922,50.01,941.0
10:50:56,231.54,4.40,0.924,50.00,941.4
10:50:57,231.53,4.38,0.918,50.00,931.0
10:50:58,231.63,4.40,0.917,49.99,933.7
10:50:59,231.59,4.36,0.924,49.99,934.2
10:51:00,231.59,4.47,0.917,50.01,950.3
10:51:01,231.89,4.43,0.926,50.00,951.4
10:51:02,232.16,4.47,0.924,50.00,958.0
10:51:03,231.96,4.37,0.925,50.01,937.8
10:51:04,231.78,4.39,0.925,50.01,941.9
10:51:05,231.89,4.40,0.922,50.01,941.6
10:51:06,231.74,4.49,0.922,50.01,960.1
10:51:07,231.82,4.38,0.918,50.01,932.8
10:51:08,232.06,4.50,0.923,50.00,964.1
10:51:09,231.87,4.51,0.924,50.00,967.8
10:51:10,231.75,4.48,0.921,50.00,955.2
10:51:11,231.57,4.48,0.927,50.03,960.4
10:51:12,231.74,4.46,0.920,50.03,951.4
10:51:13,232.23,4.46,0.924,50.02,956.3
10:51:14,232.05,4.49,0.924,50.02,961.9
10:51:15,231.82,4.54,0.924,50.03,972.4
10:51:16,232.37,4.52,0.928,50.01,975.2
10:51:17,231.71,4.57,0.919,50.01,974.5
10:51:18,232.21,4.45,0.926,50.02,957.3
10:51:19,232.30,4.48,0.920,50.03,957.4
10:51:20,231.78,4.57,0.925,50.02,979.5
10:51:21,232.27,4.58,0.924,50.02,983.6
10:51:22,232.18,4.55,0.920,50.03,971.0
10:51:23,231.85,4.52,0.920,50.01,963.3
10:51:24,232.26,4.56,0.923,50.03,978.3
10:51:25,232.35,4.52,0.921,50.01,967.8
10:51:26,232.29,4.63,0.923,50.03,991.9
10:51:27,232.04,4.65,0.923,50.02,995.6
10:51:28,231.95,4.62,0.928,50.03,994.1
10:51:29,231.98,4.64,0.924,50.03,993.5
10:51:30,232.04,4.66,0.925,50.03,1001.3
10:51:31,232.68,4.53,0.927,50.03,977.5
10:51:32,232.09,4.64,0.927,50.02,997.7
10:51:33,232.12,4.59,0.921,50.03,982.4
10:51:34,232.20,4.61,0.922,50.01,986.3
10:51:35,232.47,4.59,0.921,50.04,982.4
10:51:36,232.41,4.57,0.928,50.04,985.4
10:51:37,232.35,4.62,0.921,50.02,988.0
10:51:38,232.45,4.62,0.922,50.03,989.2
10:51:39,232.57,4.64,0.924,50.02,997.2
10:51:40,232.27,4.60,0.924,50.02,986.8
10:51:41,232.64,4.69,0.923,50.02,1008.1
10:51:42,232.98,4.64,0.923,50.05,998.6
10:51:43,232.84,4.70,0.923,50.03,1011.4
10:51:44,232.61,4.65,0.922,50.04,997.9
10:51:45,233.05,4.67,0.928,50.02,1009.5
10:51:46,232.70,4.68,0.928,50.02,1011.4
10:51:47,233.04,4.60,0.924,50.03,991.6
10:51:48,233.05,4.60,0.927,50.03,994.1
10:51:49,232.82,4.67,0.926,50.03,1005.6
10:51:50,232.79,4.66,0.925,50.04,1003.4
10:51:51,232.78,4.69,0.924,50.03,1009.4
10:51:52,232.52,4.68,0.932,50.03,1013.1
10:51:53,232.51,4.63,0.931,50.05,1001.1
10:51:54,232.81,4.65,0.927,50.05,1003.9
10:51:55,232.98,4.76,0.927,50.05,1029.0
10:51:56,233.32,4.76,0.928,50.05,1030.8
10:51:57,233.03,4.69,0.929,50.05,1016.7
10:51:58,232.71,4.65,0.931,50.04,1007.6
10:51:59,233.17,4.70,0.930,50.04,1019.5
10:52:00,232.95,4.70,0.928,50.04,1016.0
10:52:01,233.33,4.69,0.926,50.03,1012.5
10:52:02,233.24,4.79,0.934,50.04,1044.0
10:52:03,232.98,4.72,0.933,50.06,1025.2
10:52:04,233.14,4.75,0.927,50.04,1025.6
10:52:05,233.37,4.74,0.930,50.03,1028.7
10:52:06,232.80,4.71,0.932,50.05,1021.5
10:52:07,233.25,4.74,0.933,50.05,1031.8
10:52:08,233.40,4.68,0.926,50.06,1012.1
10:52:09,233.34,4.74,0.926,50.04,1023.7
10:52:10,233.32,4.69,0.936,50.03,1023.4
10:52:11,233.36,4.67,0.936,50.05,1019.2
10:52:12,233.63,4.74,0.930,50.06,1030.5
10:52:13,233.14,4.68,0.931,50.06,1015.4
10:52:14,233.20,4.67,0.931,50.04,1014.3
10:52:15,233.34,4.79,0.936,50.06,1046.3
10:52:16,233.64,4.81,0.933,50.05,1048.9
10:52:17,233.57,4.71,0.935,50.05,1028.0
10:52:18,233.41,4.81,0.935,50.06,1048.4
10:52:19,233.39,4.82,0.933,50.04,1049.0
10:52:20,233.39,4.73,0.931,50.05,1026.9
10:52:21,233.41,4.74,0.932,50.04,1030.7
10:52:22,233.83,4.79,0.931,50.05,1042.8
10:52:23,233.77,4.73,0.930,50.05,1028.0
10:52:24,233.78,4.71,0.931,50.04,1025.2
10:52:25,233.52,4.80,0.932,50.06,1044.6
10:52:26,233.91,4.82,0.934,50.05,1052.4
10:52:27,233.60,4.77,0.932,50.04,1037.0
10:52:28,233.52,4.77,0.931,50.04,1037.6
10:52:29,233.24,4.82,0.935,50.05,1051.2
10:52:30,233.72,4.76,0.931,50.05,1034.4
10:52:31,233.96,4.80,0.932,50.06,1047.1
10:52:32,233.64,4.81,0.939,50.04,1054.7
10:52:33,233.83,4.72,0.933,50.06,1029.3
10:52:34,233.89,4.80,0.936,50.06,1050.9
10:52:35,233.88,4.77,0.935,50.05,1043.6
10:52:36,233.82,4.80,0.933,50.05,1047.4
10:52:37,233.61,4.79,0.940,50.06,1050.9
10:52:38,233.47,4.70,0.936,50.06,1027.7
10:52:39,233.38,4.69,0.941,50.04,1029.1
10:52:40,233.65,4.75,0.939,50.07,1040.7
10:52:41,233.57,4.77,0.937,50.06,1044.3
10:52:42,234.07,4.68,0.942,50.05,1031.2
10:52:43,233.95,4.77,0.940,50.06,1049.4
10:52:44,233.35,4.70,0.941,50.07,1032.9
10:52:45,233.99,4.71,0.934,50.05,1029.9
10:52:46,233.63,4.69,0.933,50.06,1023.8
10:52:47,234.10,4.70,0.938,50.06,1031.2
10:52:48,233.74,4.73,0.938,50.07,1037.9
10:52:49,233.97,4.76,0.935,50.06,1040.0
10:52:50,233.94,4.77,0.941,50.06,1050.4
10:52:51,233.62,4.71,0.942,50.05,1037.6
10:52:52,234.10,4.67,0.936,50.05,1024.1
10:52:53,233.80,4.77,0.935,50.07,1041.8
10:52:54,233.69,4.65,0.942,50.07,1022.6
10:52:55,233.76,4.65,0.938,50.06,1019.8
10:52:56,233.35,4.65,0.938,50.07,1017.2
10:52:57,233.45,4.70,0.941,50.07,1032.4
10:52:58,233.88,4.63,0.942,50.06,1020.0
10:52:59,233.44,4.74,0.942,50.07,1042.3
10:53:00,233.86,4.73,0.937,50.04,1035.2
10:53:01,233.99,4.69,0.940,50.05,1032.1
10:53:02,233.30,4.70,0.944,50.05,1034.3
10:53:03,233.84,4.61,0.943,50.06,1017.2
10:53:04,233.55,4.70,0.941,50.07,1032.7
10:53:05,233.97,4.71,0.945,50.07,1041.9
10:53:06,233.74,4.64,0.941,50.06,1020.3
10:53:07,233.65,4.61,0.940,50.05,1011.3
10:53:08,233.19,4.62,0.944,50.07,1016.5
10:53:09,233.38,4.70,0.938,50.06,1029.2
10:53:10,233.36,4.64,0.941,50.05,1018.5
10:53:11,233.41,4.60,0.941,50.07,1008.9
10:53:12,233.15,4.67,0.945,50.06,1029.9
10:53:13,233.50,4.61,0.941,50.06,1012.2
10:53:14,233.17,4.59,0.943,50.07,1009.8
10:53:15,233.76,4.55,0.944,50.07,1004.8
10:53:16,233.41,4.64,0.942,50.06,1021.1
10:53:17,233.42,4.63,0.949,50.06,1026.5
10:53:18,233.36,4.64,0.946,50.06,1024.2
10:53:19,232.94,4.58,0.947,50.05,1009.2
10:53:20,233.42,4.66,0.945,50.05,1026.9
10:53:21,233.62,4.54,0.941,50.07,997.1
10:53:22,233.16,4.58,0.942,50.07,1006.8
10:53:23,232.92,4.61,0.942,50.07,1010.6
10:53:24,233.54,4.53,0.944,50.05,999.0
10:53:25,232.93,4.62,0.945,50.06,1016.4
10:53:26,233.31,4.61,0.944,50.07,1016.1
10:53:27,232.77,4.58,0.949,50.05,1011.9
10:53:28,232.82,4.55,0.945,50.06,1000.2
10:53:29,233.04,4.47,0.942,50.05,981.5
10:53:30,232.96,4.52,0.948,50.04,998.1
10:53:31,233.17,4.61,0.948,50.05,1018.1
10:53:32,232.94,4.53,0.951,50.06,1003.4
10:53:33,233.07,4.58,0.948,50.06,1012.6
10:53:34,233.12,4.53,0.948,50.07,1001.6
10:53:35,232.57,4.43,0.946,50.05,975.6
10:53:36,232.61,4.58,0.951,50.07,1012.7
10:53:37,232.44,4.47,0.944,50.07,981.1
10:53:38,232.57,4.51,0.946,50.05,991.5
10:53:39,232.96,4.43,0.952,50.06,983.2
10:53:40,232.48,4.55,0.953,50.04,1008.0
10:53:41,232.91,4.41,0.948,50.05,972.9
10:53:42,232.78,4.42,0.946,50.06,974.5
10:53:43,232.79,4.47,0.953,50.05,991.8
10:53:44,232.61,4.52,0.952,50.06,1000.3
10:53:45,232.63,4.49,0.949,50.05,991.0
10:53:46,232.82,4.42,0.946,50.05,973.5
10:53:47,232.25,4.45,0.948,50.05,979.3
10:53:48,231.97,4.42,0.950,50.06,974.2
10:53:49,232.44,4.40,0.945,50.07,965.6
10:53:50,232.47,4.36,0.951,50.07,963.0
10:53:51,231.89,4.34,0.948,50.05,953.7
10:53:52,232.42,4.36,0.950,50.05,962.0
10:53:53,232.21,4.44,0.954,50.04,983.6
10:53:54,232.07,4.39,0.948,50.04,966.7
10:53:55,232.19,4.38,0.955,50.06,970.7
10:53:56,231.74,4.32,0.949,50.05,951.3
10:53:57,231.80,4.41,0.948,50.07,969.5
10:53:58,232.27,4.33,0.947,50.05,952.7
10:53:59,231.77,4.37,0.952,50.05,964.7
10:54:00,232.06,4.29,0.955,50.04,951.6
10:54:01,231.57,4.28,0.953,50.06,944.0
10:54:02,231.88,4.40,0.947,50.06,965.9
10:54:03,231.99,4.37,0.949,50.04,963.1
10:54:04,231.92,4.36,0.956,50.04,966.9
10:54:05,231.87,4.33,0.949,50.06,952.4
10:54:06,231.81,4.23,0.949,50.05,931.5
10:54:07,231.32,4.34,0.951,50.04,954.4
10:54:08,231.31,4.24,0.948,50.05,929.7
10:54:09,231.25,4.24,0.955,50.04,936.4
10:54:10,231.71,4.26,0.952,50.05,940.3
10:54:11,231.43,4.26,0.954,50.06,940.9
10:54:12,231.39,4.20,0.950,50.04,924.2
10:54:13,231.20,4.34,0.955,50.04,957.6
10:54:14,231.20,4.26,0.959,50.06,943.6
10:54:15,231.52,4.29,0.951,50.03,945.1
10:54:16,231.62,4.30,0.952,50.05,948.6
10:54:17,231.36,4.19,0.958,50.04,929.1
10:54:18,231.12,4.19,0.956,50.05,926.3
10:54:19,230.86,4.17,0.955,50.05,920.2
10:54:20,231.38,4.25,0.951,50.04,935.3
10:54:21,231.32,4.18,0.954,50.03,921.9
10:54:22,230.78,4.17,0.950,50.03,914.5
10:54:23,230.72,4.20,0.951,50.04,921.7
10:54:24,230.92,4.14,0.957,50.03,914.0
10:54:25,230.54,4.13,0.952,50.05,906.6
10:54:26,230.96,4.17,0.953,50.03,917.7
10:54:27,230.66,4.24,0.961,50.05,940.0
10:54:28,230.49,4.09,0.959,50.05,904.4
10:54:29,230.79,4.21,0.956,50.04,928.4
10:54:30,231.03,4.17,0.953,50.05,917.6
10:54:31,230.44,4.21,0.956,50.04,927.1
10:54:32,230.92,4.07,0.954,50.02,897.1
10:54:33,230.49,4.18,0.958,50.04,922.1
10:54:34,230.66,4.14,0.958,50.04,915.2
10:54:35,230.60,4.08,0.953,50.04,895.4
10:54:36,230.86,4.18,0.952,50.05,918.0
10:54:37,230.49,4.09,0.959,50.03,904.4
10:54:38,230.27,4.17,0.953,50.03,915.3
10:54:39,230.24,4.05,0.954,50.02,890.4
10:54:40,230.65,4.11,0.959,50.04,907.9
10:54:41,230.10,4.09,0.953,50.04,896.9
10:54:42,230.00,4.02,0.955,50.03,883.9
10:54:43,230.40,4.08,0.958,50.05,901.7
10:54:44,230.03,4.13,0.956,50.04,908.7
10:54:45,229.98,4.03,0.955,50.02,884.6
10:54:46,230.36,4.10,0.957,50.03,903.0
10:54:47,230.03,4.13,0.955,50.02,906.6
10:54:48,230.30,4.08,0.961,50.03,903.5
10:54:49,230.54,4.12,0.960,50.02,911.3
10:54:50,229.79,3.98,0.956,50.04,875.1
10:54:51,229.93,4.00,0.960,50.04,884.0
10:54:52,229.91,4.08,0.954,50.02,895.2
10:54:53,229.68,4.06,0.958,50.03,893.7
10:54:54,230.34,4.08,0.962,50.02,903.5
10:54:55,229.68,4.04,0.954,50.03,886.1
10:54:56,230.19,3.99,0.958,50.02,880.8
10:54:57,230.16,4.07,0.961,50.02,899.4
10:54:58,229.81,4.01,0.960,50.02,883.7
10:54:59,230.06,4.00,0.957,50.02,881.0
10:55:00,229.72,3.99,0.962,50.01,882.7
10:55:01,230.28,3.93,0.955,50.01,865.2
10:55:02,229.51,3.94,0.962,50.01,870.1
10:55:03,229.55,4.02,0.954,50.01,879.7
10:55:04,229.69,3.94,0.956,50.03,866.3
10:55:05,229.70,3.93,0.959,50.01,866.5
10:55:06,229.98,3.97,0.960,50.03,876.4
10:55:07,230.14,3.99,0.958,50.03,879.8
10:55:08,230.02,3.93,0.959,50.02,866.5
10:55:09,230.15,4.04,0.961,50.01,894.5
10:55:10,229.78,4.04,0.964,50.01,895.3
10:55:11,229.70,3.98,0.964,50.02,881.4
10:55:12,229.52,4.02,0.960,50.03,886.6
10:55:13,229.88,3.99,0.962,50.03,882.7
10:55:14,230.01,3.98,0.961,50.00,878.9
10:55:15,230.07,3.98,0.955,50.01,874.6
10:55:16,229.40,3.95,0.960,50.01,869.3
10:55:17,229.52,3.96,0.956,50.02,870.0
10:55:18,230.04,4.00,0.959,50.02,882.1
10:55:19,229.89,3.92,0.962,50.02,868.0
10:55:20,230.00,4.00,0.965,50.01,886.7
10:55:21,230.03,3.91,0.959,50.00,863.5
10:55:22,229.51,3.94,0.962,50.01,870.6
10:55:23,229.90,4.01,0.959,50.02,884.6
10:55:24,229.53,3.96,0.962,50.00,874.4
10:55:25,229.75,3.97,0.959,50.02,874.1
10:55:26,229.69,3.91,0.957,50.02,859.0
10:55:27,229.92,3.96,0.958,50.00,872.9
10:55:28,229.72,4.01,0.956,50.01,879.9
10:55:29,229.58,3.91,0.965,50.01,865.2
10:55:30,229.63,3.95,0.960,50.01,870.8
10:55:31,229.32,3.89,0.965,50.00,860.1
10:55:32,229.80,3.89,0.956,50.01,855.5
10:55:33,229.89,4.00,0.964,49.99,885.7
10:55:34,229.63,3.94,0.964,49.99,872.2
10:55:35,229.80,3.88,0.958,50.01,854.2
10:55:36,230.01,3.98,0.963,49.99,881.3
10:55:37,229.73,3.89,0.955,50.00,854.2
10:55:38,229.69,3.89,0.961,50.01,859.1
10:55:39,229.97,3.96,0.962,50.01,876.6
10:55:40,229.90,3.97,0.962,49.98,876.9
10:55:41,229.76,3.88,0.961,49.99,857.4
10:55:42,229.81,3.93,0.956,49.98,863.4
10:55:43,229.87,3.94,0.959,49.98,869.3
10:55:44,229.88,4.01,0.961,49.99,886.2
10:55:45,229.39,3.99,0.955,50.00,873.3
10:55:46,229.97,3.95,0.961,50.00,871.9
10:55:47,230.16,3.92,0.956,49.98,861.3
10:55:48,229.64,3.95,0.964,49.99,874.8
10:55:49,230.10,3.93,0.962,49.98,869.8
10:55:50,229.75,4.03,0.959,49.99,888.4
10:55:51,229.51,3.96,0.959,49.99,870.9
10:55:52,229.98,3.92,0.958,49.99,864.8
10:55:53,229.47,3.94,0.958,50.00,866.0
10:55:54,230.11,4.04,0.960,49.99,891.2
10:55:55,230.03,3.94,0.963,49.98,872.5
10:55:56,230.23,3.97,0.956,50.00,874.2
10:55:57,229.53,3.91,0.960,49.97,862.2
10:55:58,230.23,4.03,0.958,49.98,890.2
10:55:59,229.56,3.98,0.960,49.99,876.5
10:56:00,230.08,4.00,0.958,49.99,881.0
10:56:01,230.15,4.00,0.958,49.97,882.0
10:56:02,230.02,4.02,0.960,50.00,887.7
10:56:03,229.72,3.99,0.960,49.97,880.4
10:56:04,230.18,4.07,0.961,49.98,899.3
10:56:05,230.16,4.03,0.958,49.99,888.1
10:56:06,230.19,4.04,0.958,49.97,892.0
10:56:07,230.27,4.03,0.962,49.99,892.4
10:56:08,230.21,4.05,0.956,49.99,891.7
10:56:09,230.11,3.99,0.964,49.96,885.0
10:56:10,229.90,4.07,0.960,49.99,898.9
10:56:11,229.84,4.08,0.962,49.98,901.5
10:56:12,230.12,4.05,0.960,49.98,894.9
10:56:13,230.32,4.06,0.961,49.97,898.1
10:56:14,230.20,3.98,0.957,49.97,876.0
10:56:15,230.11,3.98,0.955,49.96,874.9
10:56:16,230.38,4.04,0.959,49.98,892.6
10:56:17,229.77,3.99,0.962,49.97,882.5
10:56:18,229.87,3.99,0.955,49.97,877.0
10:56:19,230.23,4.03,0.954,49.96,885.9
10:56:20,229.81,4.03,0.959,49.96,887.8
10:56:21,229.96,4.05,0.958,49.97,891.0
10:56:22,230.11,4.12,0.959,49.96,909.6
10:56:23,230.52,4.12,0.954,49.96,906.1
10:56:24,229.89,4.10,0.961,49.98,905.3
10:56:25,230.25,4.14,0.954,49.98,910.0
10:56:26,230.40,4.16,0.962,49.96,921.4
10:56:27,230.13,4.06,0.959,49.98,895.4
10:56:28,230.36,4.04,0.961,49.98,894.6
10:56:29,230.44,4.12,0.960,49.96,910.8
10:56:30,230.65,4.10,0.953,49.96,900.1
10:56:31,230.30,4.06,0.960,49.95,897.7
10:56:32,230.52,4.15,0.959,49.97,918.4
10:56:33,230.25,4.14,0.958,49.95,914.1
10:56:34,229.97,4.08,0.953,49.97,894.0
10:56:35,230.26,4.13,0.954,49.96,907.4
10:56:36,230.49,4.12,0.954,49.96,905.5
10:56:37,230.36,4.13,0.954,49.96,907.7
10:56:38,230.08,4.11,0.954,49.95,901.3
10:56:39,230.43,4.22,0.959,49.95,931.9
10:56:40,230.36,4.23,0.960,49.95,936.4
10:56:41,230.07,4.23,0.956,49.96,929.8
10:56:42,230.38,4.20,0.960,49.95,928.8
10:56:43,230.50,4.24,0.951,49.97,929.1
10:56:44,230.64,4.23,0.959,49.97,936.7
10:56:45,230.16,4.26,0.958,49.97,938.9
10:56:46,230.31,4.20,0.952,49.96,922.3
10:56:47,230.47,4.22,0.951,49.96,924.3
10:56:48,230.51,4.20,0.953,49.94,922.4
10:56:49,230.10,4.28,0.951,49.95,935.7
10:56:50,230.56,4.18,0.952,49.97,916.7
10:56:51,230.55,4.23,0.950,49.95,925.8
10:56:52,230.14,4.29,0.958,49.96,947.0
10:56:53,230.55,4.26,0.955,49.94,938.9
10:56:54,230.34,4.31,0.952,49.95,945.4
10:56:55,230.39,4.25,0.953,49.94,933.8
10:56:56,230.43,4.33,0.956,49.97,954.5
10:56:57,230.63,4.24,0.956,49.94,934.2
10:56:58,229.89,4.25,0.957,49.96,935.8
10:56:59,230.34,4.35,0.957,49.94,957.9